Company,Previous Close,Open,Bid,Ask,Day &#x27;s Range,52 Week Range,Volume,Avg. Volume,Market Cap,Beta (5Y Monthly),PE Ratio (TTM),EPS (TTM),Earnings Date,Forward Dividend &amp; Yield,Ex-Dividend Date,ly Target Est
MMM,162.00,161.00,162.51 x 1000,162.86 x 900,Exception,150.58 - 219.75,"3,989,988","2,741,253",93.473B,1.10,20.81,7.81,"Apr 22, 2020",5.76 (3.56%),"Nov 20, 2019",Exception
ABT,89.14,88.29,87.88 x 800,92.25 x 800,Exception,71.14 - 92.45,"4,851,879","4,816,335",157.676B,1.11,43.28,2.06,"Apr 14, 2020",1.44 (1.62%),"Jan 13, 2020",Exception
ABBV,83.20,82.58,82.68 x 1100,82.02 x 800,Exception,62.66 - 91.99,"10,286,072","7,883,503",120.938B,0.95,37.57,2.18,"Feb 06, 2020",4.72 (5.67%),"Jan 13, 2020",Exception
ABMD,188.85,187.70,187.64 x 800,187.06 x 800,Exception,155.02 - 364.31,"489,879","904,422",8.437B,0.27,39.01,4.79,"Feb 05, 2020",N/A (N/A),"<td class=""C($primaryColor) W(51%)"" data-reactid=""87",Exception
ACN,207.96,207.50,208.05 x 900,210.00 x 1200,Exception,153.12 - 213.25,"1,463,550","1,865,591",132.512B,1.04,27.80,7.49,"Mar 18, 2020",3.20 (1.54%),"Jan 14, 2020",Exception
ATVI,60.40,59.92,60.03 x 800,60.50 x 3200,Exception,39.85 - 61.90,"5,047,337","6,049,585",46.779B,0.84,28.86,2.11,"Feb 05, 2020",0.37 (0.61%),"Mar 26, 2019",Exception
ADBE,351.66,349.69,355.05 x 900,356.50 x 1100,Exception,243.00 - 356.82,"1,568,702","2,252,150",173.991B,1.11,59.46,6.00,"Mar 11, 2020",N/A (N/A),"Mar 23, 2005",Exception
AMD,47.51,46.49,48.79 x 21500,48.88 x 800,Exception,21.04 - 52.81,"69,367,372","55,289,201",56.93B,3.09,162.60,0.30,"Apr 27, 2020",N/A (N/A),"Apr 26, 1995",Exception
AAP,138.55,136.95,135.11 x 900,154.25 x 1000,Exception,130.09 - 182.56,"992,526","1,053,795",9.369B,0.83,21.91,6.17,"Feb 16, 2020",0.24 (0.17%),"Dec 18, 2019",Exception
AES,20.32,20.08,20.18 x 800,20.15 x 1000,Exception,14.60 - 20.71,"2,312,230","5,248,162",13.397B,1.08,26.48,0.76,"Feb 27, 2020",0.57 (2.82%),"Jan 29, 2020",Exception
AFL,52.38,51.94,51.51 x 800,52.93 x 800,Exception,47.00 - 57.18,"2,459,398","2,786,535",38.932B,0.70,13.10,4.05,"Feb 03, 2020",1.08 (2.06%),"Nov 18, 2019",Exception
A,87.24,84.90,81.55 x 800,84.74 x 800,Exception,65.35 - 90.64,"2,930,575","1,647,762",26.173B,1.43,25.04,3.37,"Feb 17, 2020",0.72 (0.83%),"Dec 29, 2019",Exception
APD,237.27,236.32,241.18 x 800,241.83 x 800,Exception,161.06 - 244.61,"1,023,983","1,086,758",53.274B,0.88,28.37,8.51,"Apr 21, 2020",5.36 (2.26%),"Mar 30, 2020",Exception
AKAM,94.84,94.49,94.62 x 1300,95.59 x 1000,Exception,64.41 - 97.75,"813,138","1,279,896",15.289B,0.58,34.47,2.74,"Feb 10, 2020",N/A (N/A),"<td class=""C($primaryColor) W(51%)"" data-reactid=""87",Exception
ALK,66.89,65.87,65.91 x 800,66.60 x 1800,Exception,53.39 - 72.22,"1,864,520","956,651",8.119B,0.77,10.66,6.19,"Apr 22, 2020",1.50 (2.24%),"Feb 13, 2020",Exception
ALB,80.73,80.09,80.00 x 900,81.00 x 1000,Exception,58.63 - 93.14,"1,224,685","1,634,664",8.565B,1.68,15.02,5.38,"Feb 18, 2020",1.47 (1.82%),"Dec 11, 2019",Exception
ARE,164.52,164.00,123.97 x 800,164.24 x 800,Exception,127.94 - 165.74,"578,479","844,295",21.3B,0.71,150.62,1.09,"Feb 02, 2020",4.12 (2.50%),"Dec 29, 2019",Exception
ALXN,106.94,106.00,100.70 x 1100,100.20 x 800,Exception,94.59 - 141.86,"3,881,911","1,705,358",22.195B,1.65,15.38,6.52,"Jan 29, 2020",N/A (N/A),"<td class=""C($primaryColor) W(51%)"" data-reactid=""87",Exception
ALGN,261.60,248.74,261.33 x 800,264.99 x 900,Exception,169.84 - 334.64,"1,767,880","696,958",20.719B,N/A,47.54,5.53,"Apr 21, 2020",N/A (N/A),"<td class=""C($primaryColor) W(51%)"" data-reactid=""87",Exception
ALLE,130.82,130.00,130.66 x 800,130.74 x 800,Exception,85.22 - 131.71,"519,137","615,388",12.14B,1.18,27.26,4.79,"Feb 17, 2020",1.08 (0.83%),"Dec 15, 2019",Exception
AGN,188.80,188.00,186.23 x 800,194.00 x 1300,Exception,114.27 - 194.61,"2,612,980","2,351,153",61.588B,1.64,N/A,-27.98,"Feb 02, 2020",2.96 (1.56%),"Feb 12, 2020",Exception
ADS,109.69,106.00,104.99 x 900,107.41 x 1000,Exception,99.20 - 182.95,"2,119,468","817,795",4.936B,1.66,12.17,8.81,"Jan 29, 2020",2.52 (2.35%),"Nov 12, 2019",Exception
LNT,58.70,58.92,59.43 x 800,60.00 x 1400,Exception,43.12 - 59.47,"1,128,401","1,563,019",14.282B,0.21,26.57,2.24,"Feb 19, 2020",1.52 (2.57%),"Jan 29, 2020",Exception
ALL,118.36,117.59,119.67 x 800,119.82 x 800,Exception,88.00 - 119.98,"1,194,287","1,594,832",38.836B,0.81,16.37,7.32,"Feb 03, 2020",2.00 (1.69%),"Nov 26, 2019",Exception
GOOGL,"1,456.70","1,438.10","1,466.00 x 1100","1,469.00 x 1300",Exception,"1,027.03 - 1,500.58","1,287,436","1,412,614",1.004T,1.02,31.21,46.60,"Feb 02, 2020",N/A (N/A),"<td class=""C($primaryColor) W(51%)"" data-reactid=""87",Exception
GOOG,"1,458.63","1,439.96","1,468.75 x 800","1,470.20 x 1200",Exception,"1,025.00 - 1,503.21","1,235,295","1,372,259",1.003T,1.02,31.24,46.60,"<td class=""C($primaryColor) W(51%)"" data-reactid=""78",N/A (N/A),"<td class=""C($primaryColor) W(51%)"" data-reactid=""86",Exception
MO,50.11,49.07,48.26 x 1300,48.40 x 900,Exception,39.30 - 57.88,"17,370,087","8,095,387",89.67B,0.46,51.61,0.93,"Jan 29, 2020",3.36 (6.71%),"Dec 23, 2019",Exception
AMZN,"1,858.00","1,858.00","1,872.30 x 1000","2,074.00 x 800",Exception,"1,566.76 - 2,035.80","3,363,505","3,036,451",927.478B,1.51,82.89,22.57,"Jan 29, 2020",N/A (N/A),"<td class=""C($primaryColor) W(51%)"" data-reactid=""87",Exception
AMCR,10.85,10.74,10.82 x 4000,12.10 x 21500,Exception,9.18 - 11.77,"5,439,751","6,709,027",17.546B,0.24,35.39,0.31,"Feb 10, 2020",N/A (N/A),"<td class=""C($primaryColor) W(51%)"" data-reactid=""87",Exception
AEE,81.02,80.97,27.69 x 800,81.67 x 800,Exception,67.51 - 81.94,"1,017,450","1,599,243",20.15B,0.20,25.18,3.25,"Feb 25, 2020",1.98 (2.44%),"Dec 09, 2019",Exception
AAL,26.90,26.30,27.70 x 3100,27.70 x 21500,Exception,24.23 - 37.23,"9,572,859","7,630,243",11.87B,1.64,7.31,3.79,"Apr 23, 2020",0.40 (1.49%),"Feb 03, 2020",Exception
AEP,102.81,102.73,103.80 x 800,103.82 x 800,Exception,76.78 - 104.13,"1,819,631","2,367,483",51.42B,0.08,24.15,4.31,"Feb 19, 2020",2.80 (2.72%),"Feb 06, 2020",Exception
AXP,131.68,130.75,131.01 x 900,133.03 x 800,Exception,101.70 - 138.13,"2,313,415","2,917,811",107.908B,1.05,16.67,7.99,"Apr 15, 2020",1.72 (1.31%),"Jan 01, 2020",Exception
AIG,50.35,50.00,48.91 x 800,51.27 x 1100,Exception,40.00 - 58.66,"2,888,489","4,075,991",44.629B,1.17,25.50,2.01,"Feb 12, 2020",1.28 (2.54%),"Dec 10, 2019",Exception
AMT,233.44,232.42,234.61 x 800,234.67 x 4000,Exception,168.88 - 242.00,"1,151,925","1,568,227",104.179B,0.42,65.32,3.60,"Feb 24, 2020",3.78 (1.62%),"Dec 25, 2019",Exception
AWK,136.04,135.82,134.89 x 1200,137.23 x 800,Exception,93.44 - 137.12,"841,212","941,040",24.725B,0.06,39.11,3.50,"Feb 17, 2020",2.00 (1.47%),"Feb 05, 2020",Exception
AMP,166.04,167.24,170.75 x 800,173.96 x 1200,Exception,121.55 - 173.75,"864,439","770,456",21.603B,N/A,11.48,14.86,"Apr 21, 2020",3.88 (2.34%),"Oct 31, 2019",Exception
ABC,89.86,89.33,89.04 x 1800,89.11 x 1300,Exception,70.55 - 94.75,"2,082,027","1,134,280",18.278B,0.96,22.00,4.04,"Jan 29, 2020",1.60 (1.78%),"Nov 14, 2019",Exception
AME,99.63,98.63,99.05 x 800,102.00 x 900,Exception,72.10 - 102.31,"1,145,516","1,016,608",22.706B,1.22,26.85,3.70,"Feb 04, 2020",0.56 (0.56%),"Dec 04, 2019",Exception
AMGN,227.15,226.00,220.00 x 800,221.46 x 800,Exception,166.30 - 244.99,"2,392,368","2,266,804",134.375B,1.12,17.39,13.00,"Jan 29, 2020",6.40 (2.82%),"Feb 12, 2020",Exception
APH,103.42,102.34,101.70 x 800,101.73 x 800,Exception,83.78 - 110.24,"1,169,902","1,043,117",30.204B,1.03,27.17,3.75,"Apr 21, 2020",1.00 (0.97%),"Dec 15, 2019",Exception
ADI,113.23,112.23,110.56 x 1200,113.36 x 1200,Exception,95.51 - 124.79,"2,717,436","2,095,287",41.459B,1.41,30.79,3.65,"Feb 18, 2020",2.16 (1.91%),"Dec 04, 2019",Exception
ANSS,277.72,276.02,260.00 x 900,280.24 x 1000,Exception,161.24 - 280.97,"279,185","553,066",23.95B,1.40,54.58,5.13,"Feb 25, 2020",N/A (N/A),"<td class=""C($primaryColor) W(51%)"" data-reactid=""87",Exception
ANTM,272.91,269.26,261.01 x 800,265.07 x 800,Exception,227.16 - 317.99,"2,624,898","1,385,337",67.42B,0.77,16.20,16.41,"Apr 28, 2020",3.80 (1.39%),"Mar 12, 2020",Exception
AON,216.58,215.08,220.00 x 1400,219.31 x 900,Exception,153.17 - 219.85,"1,167,080","791,340",50.966B,0.84,35.50,6.19,"Jan 30, 2020",1.76 (0.81%),"Jan 30, 2020",Exception
AOS,44.31,43.25,43.39 x 1100,44.20 x 800,Exception,40.38 - 56.66,"2,173,065","1,537,453",7.087B,1.46,19.58,2.22,"Apr 27, 2020",0.96 (2.17%),"Jan 29, 2020",Exception
APA,28.09,27.46,28.18 x 1800,28.08 x 900,Exception,18.33 - 38.12,"3,777,748","6,640,929",10.597B,1.95,N/A,-2.54,"Feb 25, 2020",1.00 (3.56%),"Jan 20, 2020",Exception
AIV,53.05,52.96,53.16 x 1200,53.31 x 800,Exception,47.55 - 55.49,"1,408,186","1,049,638",7.916B,0.47,23.25,2.29,"Jan 29, 2020",1.56 (2.94%),"Nov 13, 2019",Exception
AAPL,324.34,320.54,323.77 x 1100,324.02 x 2200,Exception,164.56 - 327.85,"30,815,042","28,442,917",1.42T,1.24,25.71,12.60,"Apr 27, 2020",3.08 (0.95%),"Feb 06, 2020",Exception
AMAT,59.82,61.54,60.26 x 800,60.58 x 800,Exception,36.80 - 64.93,"9,573,261","6,888,614",55.147B,1.65,21.07,2.86,"Feb 11, 2020",0.84 (1.40%),"Feb 17, 2020",Exception
APTV,89.88,85.00,87.85 x 800,87.85 x 800,Exception,63.36 - 99.04,"2,496,966","1,392,924",22.384B,2.01,22.61,3.88,"Jan 29, 2020",0.88 (0.98%),"Feb 03, 2020",Exception
ADM,43.68,45.62,45.70 x 1800,45.60 x 1200,Exception,36.45 - 47.20,"5,557,082","2,830,854",25.496B,N/A,18.77,2.44,"Apr 23, 2020",1.40 (3.21%),"Nov 19, 2019",Exception
ARNC,31.15,30.82,30.45 x 1000,30.55 x 800,Exception,16.66 - 31.99,"4,242,735","3,452,709",13.18B,2.04,29.56,1.03,"Jan 26, 2020",0.08 (0.26%),"Feb 05, 2020",Exception
ANET,235.05,229.11,230.90 x 2200,230.98 x 800,Exception,173.31 - 331.27,"668,505","959,822",17.705B,1.48,24.42,9.49,"Feb 12, 2020",N/A (N/A),"<td class=""C($primaryColor) W(51%)"" data-reactid=""87",Exception
AJG,98.82,98.32,100.25 x 3200,101.00 x 800,Exception,73.00 - 100.36,"926,275","699,480",18.69B,0.80,27.57,3.63,"Jan 29, 2020",1.72 (1.74%),"Dec 04, 2019",Exception
AIZ,130.17,129.14,121.50 x 900,152.00 x 900,Exception,91.84 - 134.89,"279,267","382,182",7.974B,0.48,31.54,4.17,"Aug 04, 2019",2.52 (1.94%),"Feb 20, 2020",Exception
ATO,116.31,116.24,117.08 x 800,117.31 x 1800,Exception,93.86 - 117.98,"561,881","781,411",14.351B,0.15,26.98,4.35,"Feb 03, 2020",2.30 (1.98%),"Nov 21, 2019",Exception
T,37.05,36.47,37.42 x 4000,37.53 x 29200,Exception,28.92 - 39.70,"49,669,427","29,733,716",273.426B,0.59,19.80,1.89,"Apr 21, 2020",2.08 (5.61%),"Jan 08, 2020",Exception
ADSK,199.74,198.42,199.05 x 1800,199.69 x 800,Exception,129.70 - 201.57,"1,502,318","1,335,435",43.784B,1.88,298.34,0.67,"Feb 25, 2020",N/A (N/A),"Mar 21, 2005",Exception
ADP,171.04,168.96,167.25 x 800,177.17 x 900,Exception,138.13 - 179.89,"2,635,807","1,817,737",75.724B,0.87,32.22,5.43,"Apr 28, 2020",3.64 (2.13%),"Mar 11, 2020",Exception
AZO,"1,096.51","1,089.75","1,040.00 x 1000","1,088.33 x 800",Exception,"832.62 - 1,274.41","277,108","213,979",25.635B,0.62,16.87,64.39,"Feb 23, 2020",N/A (N/A),"<td class=""C($primaryColor) W(51%)"" data-reactid=""89",Exception
AVB,216.62,215.99,217.84 x 2900,217.92 x 1100,Exception,188.03 - 222.87,"507,165","625,100",30.448B,0.46,30.22,7.21,"Feb 04, 2020",6.08 (2.81%),"Dec 29, 2019",Exception
AVY,136.23,135.26,113.25 x 800,135.92 x 1000,Exception,99.00 - 137.24,"645,600","521,687",11.366B,1.31,48.87,2.79,"Apr 21, 2020",2.32 (1.70%),"Mar 02, 2020",Exception
BKR,21.48,21.19,22.14 x 4000,22.35 x 1300,Exception,1.18 - 28.65,"6,793,781","4,806,953",22.96B,0.98,N/A,N/A,"Apr 27, 2020",0.72 (3.29%),"Jan 30, 2020",Exception
BLL,72.59,72.45,73.09 x 1200,73.11 x 800,Exception,48.81 - 81.88,"2,656,172","2,209,517",23.913B,0.67,45.07,1.62,"Feb 05, 2020",0.60 (0.83%),"Nov 28, 2019",Exception
BAC,33.01,32.70,33.50 x 4000,33.48 x 36900,Exception,26.21 - 35.72,"48,981,848","44,734,377",295.834B,1.65,12.17,2.75,"Apr 14, 2020",0.72 (2.18%),"Mar 04, 2020",Exception
BK,44.46,44.16,44.11 x 1400,46.28 x 800,Exception,40.52 - 54.27,"5,064,551","4,341,453",40.891B,1.12,10.07,4.51,"Apr 14, 2020",1.24 (2.79%),"Jan 23, 2020",Exception
BAX,90.50,89.85,90.51 x 900,90.52 x 800,Exception,70.00 - 91.87,"1,396,310","2,739,785",46.277B,0.90,30.33,2.99,"Feb 19, 2020",0.88 (0.97%),"Dec 04, 2019",Exception
BDX,282.20,280.00,266.00 x 1000,288.09 x 1000,Exception,221.47 - 283.95,"1,335,689","1,225,309",76.195B,1.08,71.36,3.94,"Feb 05, 2020",3.16 (1.12%),"Mar 08, 2020",Exception
BRK.B,N/A,N/A,N/A x N/A,N/A x N/A,Exception,undefined - undefined,N/A,N/A,N/A,N/A,N/A,N/A,"<td class=""C($primaryColor) W(51%)"" data-reactid=""77",N/A (N/A),"<td class=""C($primaryColor) W(51%)"" data-reactid=""85",Exception
BBY,88.12,87.05,87.11 x 3200,87.04 x 900,Exception,57.78 - 91.83,"2,021,747","2,664,954",22.539B,1.15,15.39,5.66,"Feb 26, 2020",2.00 (2.27%),"Dec 15, 2019",Exception
BIIB,282.52,288.12,277.55 x 1000,277.50 x 800,Exception,215.78 - 338.87,"1,559,955","1,669,953",50.078B,1.05,9.92,27.96,"Jan 29, 2020",N/A (N/A),"<td class=""C($primaryColor) W(51%)"" data-reactid=""87",Exception
BLK,536.49,531.04,510.16 x 800,537.53 x 800,Exception,403.54 - 547.35,"504,184","497,185",83.834B,1.55,18.98,28.43,"Apr 13, 2020",13.20 (2.46%),"Mar 03, 2020",Exception
BA,322.02,320.50,323.40 x 1400,324.00 x 900,Exception,302.72 - 446.01,"5,828,908","6,334,146",182.116B,N/A,N/A,-1.12,"Apr 21, 2020",8.22 (2.55%),"Feb 12, 2020",Exception
BKNG,"1,893.95","1,871.42","1,875.33 x 800","1,890.00 x 900",Exception,"1,640.54 - 2,094.00","577,998","373,791",78.358B,1.11,19.23,97.36,"Feb 24, 2020",N/A (N/A),"<td class=""C($primaryColor) W(51%)"" data-reactid=""89",Exception
BWA,35.29,35.00,34.68 x 1200,34.98 x 1800,Exception,30.71 - 46.60,"3,829,356","1,687,712",7.24B,1.85,9.63,3.64,"Feb 12, 2020",0.68 (1.93%),"Nov 28, 2019",Exception
BXP,142.93,142.53,143.16 x 1000,143.22 x 800,Exception,124.58 - 143.93,"747,938","566,167",22.202B,0.87,42.86,3.35,"Apr 27, 2020",3.92 (2.74%),"Dec 29, 2019",Exception
BSX,43.95,43.50,43.02 x 1100,44.01 x 1800,Exception,34.35 - 46.62,"8,675,647","6,449,958",60.506B,0.79,56.38,0.77,"Feb 04, 2020",N/A (N/A),"<td class=""C($primaryColor) W(51%)"" data-reactid=""87",Exception
BMY,64.14,63.80,64.00 x 1400,64.18 x 1000,Exception,42.48 - 68.34,"10,777,124","18,762,637",149.583B,0.71,18.44,3.46,"Feb 05, 2020",1.80 (2.81%),"Jan 01, 2020",Exception
AVGO,317.51,314.32,316.00 x 900,316.66 x 1000,Exception,250.09 - 331.58,"1,975,010","2,440,775",125.384B,0.90,49.01,6.43,"Dec 04, 2019",13.00 (4.09%),"Dec 19, 2019",Exception
BR,129.54,128.69,117.00 x 900,140.00 x 800,Exception,93.77 - 136.99,"833,986","539,270",14.842B,0.66,33.11,3.91,"Jan 30, 2020",2.16 (1.67%),"Dec 11, 2019",Exception
BF.B,N/A,Exception,Exception,Exception,Exception,Exception,Exception,Exception,Exception,N/A,Exception,Exception,Exception,Exception,Exception,Exception
CHRW,77.88,72.15,71.51 x 800,75.24 x 800,Exception,71.76 - 92.72,"1,851,313","1,724,959",9.825B,0.61,17.34,4.19,"Apr 27, 2020",2.04 (2.78%),"Dec 12, 2019",Exception
COG,14.32,14.22,14.20 x 4000,14.48 x 3000,Exception,14.08 - 27.65,"6,178,165","8,136,056",5.837B,0.49,7.50,1.91,"Feb 19, 2020",0.40 (2.79%),"Jan 22, 2020",Exception
CDNS,73.14,72.46,72.15 x 900,73.40 x 2900,Exception,47.48 - 77.08,"998,291","1,528,133",20.528B,1.14,48.13,1.52,"Feb 12, 2020",N/A (N/A),"<td class=""C($primaryColor) W(51%)"" data-reactid=""87",Exception
CPB,48.34,48.41,48.86 x 800,48.98 x 1100,Exception,32.17 - 49.56,"1,544,224","2,010,063",14.79B,0.42,81.18,0.60,"Feb 24, 2020",1.40 (2.90%),"Jan 06, 2020",Exception
COF,101.20,100.16,99.01 x 800,103.13 x 1100,Exception,76.82 - 107.59,"2,160,449","2,087,861",46.651B,1.29,9.25,11.05,"Apr 22, 2020",1.60 (1.58%),"Nov 07, 2019",Exception
CPRI,32.01,31.48,31.05 x 800,36.00 x 1800,Exception,25.25 - 50.00,"2,332,815","2,373,537",4.758B,0.88,14.17,2.21,"Feb 04, 2020",N/A (N/A),"<td class=""C($primaryColor) W(51%)"" data-reactid=""87",Exception
CAH,53.74,53.49,52.00 x 800,54.20 x 800,Exception,41.03 - 56.88,"1,872,043","2,469,027",15.587B,1.32,N/A,-13.97,"Feb 05, 2020",1.92 (3.58%),"Dec 30, 2019",Exception
KMX,98.50,97.68,98.38 x 1400,100.00 x 1000,Exception,58.04 - 100.49,"894,566","1,245,746",16.234B,1.13,19.28,5.15,"Apr 01, 2020",N/A (N/A),"<td class=""C($primaryColor) W(51%)"" data-reactid=""87",Exception
CCL,46.50,43.76,44.91 x 800,45.05 x 1000,Exception,39.92 - 59.24,"14,787,562","4,329,950",31.78B,1.13,10.36,4.32,"Sep 24, 2019",2.00 (4.30%),"Feb 19, 2020",Exception
CAT,135.78,134.76,135.76 x 800,135.70 x 1300,Exception,111.75 - 150.55,"3,771,923","2,913,161",74.813B,1.51,12.87,10.52,"Jan 30, 2020",4.12 (3.03%),"Jan 16, 2020",Exception
CBRE,61.45,60.81,60.50 x 3100,61.70 x 800,Exception,45.02 - 61.98,"990,888","1,368,353",20.714B,1.69,20.34,3.04,"Feb 26, 2020",N/A (N/A),"<td class=""C($primaryColor) W(51%)"" data-reactid=""87",Exception
CDW,134.86,133.24,134.03 x 800,138.17 x 900,Exception,82.44 - 146.09,"931,804","990,337",19.229B,1.07,28.08,4.77,"Feb 05, 2020",1.52 (1.13%),"Nov 21, 2019",Exception
CE,111.93,110.59,103.00 x 900,106.00 x 800,Exception,94.56 - 128.88,"861,796","715,941",13.319B,1.34,15.45,7.13,"Jan 29, 2020",2.48 (2.22%),"Oct 24, 2019",Exception
CNC,65.20,64.33,62.57 x 900,63.17 x 1000,Exception,41.62 - 69.25,"5,689,714","4,791,109",37.09B,0.91,19.67,3.23,"Feb 03, 2020",N/A (N/A),"<td class=""C($primaryColor) W(51%)"" data-reactid=""87",Exception
CNP,26.58,26.56,26.63 x 900,26.64 x 2200,Exception,24.25 - 31.42,"2,463,972","5,629,774",13.395B,0.45,21.15,1.26,"Feb 26, 2020",1.15 (4.33%),"Nov 19, 2019",Exception
CTL,13.83,13.70,13.86 x 21500,13.87 x 2200,Exception,9.64 - 15.57,"8,421,831","12,407,487",15.132B,0.91,N/A,-7.39,"Feb 11, 2020",1.00 (6.91%),"Nov 28, 2019",Exception
CERN,72.28,71.91,70.80 x 2200,72.95 x 900,Exception,54.22 - 76.47,"1,190,890","1,771,291",22.86B,0.94,46.68,1.56,"Feb 03, 2020",0.72 (0.98%),"Dec 25, 2019",Exception
CF,40.27,40.04,39.90 x 800,42.50 x 800,Exception,38.90 - 55.15,"1,639,001","2,092,827",8.845B,0.96,18.78,2.17,"Feb 10, 2020",1.20 (2.98%),"Nov 13, 2019",Exception
SCHW,45.95,45.40,46.76 x 900,47.34 x 3000,Exception,34.58 - 51.65,"10,521,207","9,724,824",60.619B,1.38,17.67,2.67,"Apr 12, 2020",0.68 (1.48%),"Nov 06, 2019",Exception
CHTR,490.74,486.88,448.00 x 800,492.01 x 1000,Exception,319.30 - 517.07,"1,027,328","1,091,567",105.882B,1.19,89.34,5.52,"Jan 30, 2020",N/A (N/A),"<td class=""C($primaryColor) W(51%)"" data-reactid=""87",Exception
CVX,110.37,109.81,111.19 x 800,111.65 x 1300,Exception,109.06 - 127.34,"7,705,020","6,184,933",210.643B,1.02,15.98,6.97,"Jan 30, 2020",4.76 (4.31%),"Nov 14, 2019",Exception
CMG,879.30,878.49,879.19 x 900,878.54 x 1000,Exception,519.09 - 888.58,"245,074","363,820",24.458B,0.71,80.08,10.99,"Feb 03, 2020",N/A (N/A),"<td class=""C($primaryColor) W(51%)"" data-reactid=""87",Exception
CB,150.89,150.11,149.00 x 900,153.86 x 800,Exception,128.58 - 162.44,"1,218,046","1,515,119",69.857B,0.67,19.54,7.89,"Feb 03, 2020",3.00 (1.99%),"Dec 18, 2019",Exception
CHD,72.70,72.90,72.80 x 800,72.80 x 800,Exception,59.64 - 80.99,"2,833,826","1,645,156",17.86B,0.09,29.83,2.44,"Jan 30, 2020",0.91 (1.25%),"Nov 13, 2019",Exception
CI,202.54,200.51,195.01 x 1100,196.44 x 900,Exception,141.95 - 214.44,"3,132,757","1,838,330",73.561B,0.75,16.22,12.15,"Feb 05, 2020",0.04 (0.02%),"Mar 07, 2019",Exception
XEC,45.36,44.62,42.00 x 1800,53.00 x 800,Exception,37.19 - 77.10,"975,888","1,765,351",4.66B,1.42,9.26,4.94,"Feb 18, 2020",0.80 (1.76%),"Feb 12, 2020",Exception
CINF,105.04,104.66,106.81 x 1300,110.95 x 800,Exception,78.75 - 118.19,"424,047","598,658",17.448B,0.58,19.16,5.57,"Feb 04, 2020",2.24 (2.13%),"Dec 17, 2019",Exception
CTAS,280.25,275.48,259.20 x 800,284.31 x 1000,Exception,185.94 - 287.74,"329,211","562,393",29.382B,0.96,33.27,8.51,"Mar 18, 2020",2.55 (0.91%),"Nov 06, 2019",Exception
CSCO,47.05,46.54,46.95 x 3100,47.20 x 900,Exception,43.40 - 58.26,"14,439,694","19,847,080",203.471B,1.21,18.80,2.51,"Feb 11, 2020",1.40 (2.98%),"Jan 01, 2020",Exception
C,76.48,75.74,77.20 x 800,77.50 x 1400,Exception,60.05 - 83.11,"12,184,942","11,859,238",163.695B,1.82,9.64,8.04,"Apr 14, 2020",2.04 (2.67%),"Jan 30, 2020",Exception
CFG,37.62,37.15,37.78 x 2200,37.79 x 800,Exception,31.30 - 41.29,"7,182,637","3,479,479",16.42B,1.47,9.95,3.81,"Apr 16, 2020",1.56 (4.15%),"Jan 27, 2020",Exception
CTXS,123.01,122.44,120.43 x 1000,128.52 x 800,Exception,90.28 - 130.55,"1,359,760","1,487,641",15.957B,0.96,24.36,5.03,"Apr 21, 2020",1.40 (1.12%),"Mar 04, 2020",Exception
CLX,155.21,156.04,155.86 x 1000,156.51 x 900,Exception,143.58 - 166.90,"860,587","899,754",19.561B,0.37,24.78,6.29,"Feb 03, 2020",4.24 (2.73%),"Jan 27, 2020",Exception
CME,213.58,213.16,218.79 x 900,219.50 x 1300,Exception,161.05 - 224.91,"1,539,606","1,260,983",78.403B,0.19,38.34,5.71,"Feb 11, 2020",3.00 (1.40%),"Dec 25, 2019",Exception
CMS,67.31,67.46,47.97 x 900,68.03 x 1100,Exception,50.08 - 68.08,"2,373,305","1,713,332",19.321B,0.06,31.07,2.19,"Apr 22, 2020",1.63 (2.42%),"Feb 05, 2020",Exception
KO,57.01,57.93,58.74 x 1200,58.85 x 2200,Exception,44.42 - 58.98,"19,074,266","11,744,209",252.185B,0.42,32.50,1.81,"Jan 29, 2020",1.60 (2.81%),"Nov 28, 2019",Exception
CTSH,62.92,62.17,61.01 x 4000,62.60 x 2200,Exception,56.73 - 74.85,"2,294,932","2,720,875",34.206B,1.02,16.89,3.70,"Feb 04, 2020",0.80 (1.28%),"Nov 17, 2019",Exception
CL,68.83,68.80,69.48 x 800,69.49 x 800,Exception,63.44 - 76.41,"3,468,084","3,704,143",59.539B,0.70,25.73,2.70,"Jan 30, 2020",1.72 (2.50%),"Jan 21, 2020",Exception
CMCSA,43.32,42.87,43.84 x 800,44.07 x 27000,Exception,35.77 - 47.74,"22,267,273","20,223,545",200.804B,1.06,15.60,2.83,"Apr 22, 2020",0.92 (2.12%),"Mar 30, 2020",Exception
CMA,61.98,61.34,61.40 x 800,62.50 x 800,Exception,58.54 - 88.96,"2,695,500","1,442,775",8.878B,1.56,7.94,7.87,"Apr 13, 2020",2.72 (4.39%),"Mar 11, 2020",Exception
CAG,33.20,33.12,32.54 x 800,33.28 x 1800,Exception,21.23 - 35.59,"2,426,374","4,485,374",16.187B,0.80,20.03,1.66,"Mar 18, 2020",0.85 (2.56%),"Jan 29, 2020",Exception
CXO,78.10,77.06,74.51 x 1100,83.50 x 900,Exception,61.37 - 124.53,"1,779,596","1,756,243",15.771B,1.36,12.34,6.36,"Feb 17, 2020",0.50 (0.62%),"Nov 06, 2019",Exception
COP,60.49,59.75,60.89 x 1400,61.00 x 800,Exception,50.13 - 71.01,"6,846,026","5,984,288",66.813B,1.11,8.32,7.32,"Feb 03, 2020",1.68 (2.78%),"Oct 15, 2019",Exception
ED,94.44,94.50,93.92 x 900,94.99 x 800,Exception,75.62 - 94.97,"1,382,096","1,641,572",31.494B,0.04,22.34,4.24,"Feb 19, 2020",3.06 (3.24%),"Feb 17, 2020",Exception
STZ,192.58,192.14,190.10 x 1000,190.97 x 1000,Exception,163.52 - 214.48,"710,223","1,246,574",36.575B,0.65,44.25,4.31,"Apr 01, 2020",3.00 (1.56%),"Feb 09, 2020",Exception
COO,354.32,351.64,353.22 x 800,353.32 x 900,Exception,270.54 - 365.68,"263,886","285,748",17.339B,0.91,37.88,9.33,"Mar 02, 2020",0.06 (0.02%),"Jan 21, 2020",Exception
CPRT,100.72,100.34,100.50 x 800,102.72 x 800,Exception,49.93 - 102.43,"877,160","1,723,293",23.792B,0.79,35.26,2.90,"Feb 17, 2020",N/A (N/A),"<td class=""C($primaryColor) W(51%)"" data-reactid=""89",Exception
GLW,28.35,27.96,27.57 x 2900,27.79 x 4000,Exception,26.75 - 35.34,"9,325,341","5,123,088",21.297B,1.15,20.59,1.35,"Apr 27, 2020",0.80 (2.82%),"Nov 13, 2019",Exception
CTVA,27.80,27.94,26.12 x 1800,29.25 x 800,Exception,24.10 - 32.78,"9,652,163","6,531,453",21.883B,N/A,N/A,-1.87,"Jan 29, 2020",0.52 (1.87%),"Nov 26, 2019",Exception
COST,309.58,308.84,308.42 x 900,309.47 x 900,Exception,205.75 - 314.28,"1,209,090","1,983,825",136.711B,0.87,36.71,8.43,"Mar 04, 2020",2.60 (0.84%),"Feb 05, 2020",Exception
COTY,10.47,10.40,10.00 x 1800,10.24 x 3200,Exception,7.06 - 14.14,"3,663,455","5,172,127",7.791B,0.68,N/A,-4.95,"Feb 04, 2020",0.50 (4.78%),"Nov 14, 2019",Exception
CCI,149.05,148.63,146.01 x 1200,155.00 x 900,Exception,114.27 - 151.97,"943,432","1,937,269",62.835B,0.26,76.37,1.98,"Feb 25, 2020",4.80 (3.22%),"Dec 11, 2019",Exception
CSX,77.53,76.41,76.60 x 800,77.96 x 1100,Exception,63.97 - 80.73,"3,095,759","3,855,870",60.485B,1.21,18.65,4.17,"Apr 13, 2020",0.96 (1.24%),"Nov 26, 2019",Exception
CMI,165.69,164.16,162.21 x 800,165.85 x 1200,Exception,141.14 - 186.73,"960,907","1,087,237",25.447B,1.14,10.33,16.07,"Feb 03, 2020",5.24 (3.16%),"Nov 12, 2019",Exception
CVS,70.55,70.09,69.81 x 800,69.81 x 1800,Exception,51.72 - 77.03,"8,279,322","6,703,798",90.69B,0.87,19.64,3.55,"Feb 11, 2020",2.00 (2.83%),"Jan 21, 2020",Exception
DHI,60.73,60.40,59.86 x 800,60.17 x 800,Exception,37.00 - 61.77,"2,382,915","4,344,162",22.092B,0.97,12.85,4.69,"Apr 22, 2020",0.70 (1.15%),"Feb 06, 2020",Exception
DHR,165.22,165.00,164.00 x 1100,175.00 x 900,Exception,107.56 - 169.19,"3,715,584","11,471,074",117.55B,0.84,50.15,3.37,"Jan 29, 2020",0.68 (0.41%),"Dec 25, 2019",Exception
DRI,119.21,118.47,111.50 x 800,119.50 x 900,Exception,104.25 - 128.41,"1,264,726","1,364,185",14.364B,0.31,23.46,5.04,"Mar 18, 2020",3.52 (2.95%),"Jan 08, 2020",Exception
DVA,83.08,82.47,75.00 x 1000,97.00 x 900,Exception,43.40 - 85.59,"996,623","1,421,212",10.59B,1.68,32.30,2.56,"Feb 09, 2020",N/A (N/A),"<td class=""C($primaryColor) W(51%)"" data-reactid=""87",Exception
DE,160.16,159.00,160.80 x 900,161.79 x 800,Exception,132.68 - 180.48,"2,461,125","1,660,537",50.719B,1.14,15.87,10.15,"Feb 20, 2020",3.04 (1.90%),"Dec 29, 2019",Exception
DAL,56.65,55.65,56.56 x 900,56.80 x 800,Exception,48.22 - 63.44,"5,919,733","6,045,680",36.929B,1.10,7.82,7.30,"Apr 07, 2020",1.61 (2.84%),"Oct 22, 2019",Exception
XRAY,58.93,58.71,57.64 x 900,61.95 x 800,Exception,40.86 - 60.87,"1,195,854","1,344,195",12.818B,0.94,80.71,0.71,"Feb 27, 2020",0.40 (0.68%),"Dec 25, 2019",Exception
DVN,22.19,21.82,22.31 x 800,22.60 x 2900,Exception,19.72 - 35.39,"5,455,635","6,229,369",8.638B,2.43,6.78,3.32,"Feb 17, 2020",0.36 (1.62%),"Mar 11, 2020",Exception
FANG,77.57,76.26,75.01 x 3100,78.50 x 1400,Exception,73.18 - 114.14,"3,400,751","2,226,077",12.272B,0.85,11.40,6.71,"Feb 17, 2020",0.75 (0.95%),"Nov 13, 2019",Exception
DLR,127.63,127.21,120.94 x 900,126.54 x 800,Exception,106.39 - 136.32,"1,578,064","1,764,319",26.228B,0.35,125.61,1.00,"Feb 12, 2020",4.32 (3.38%),"Dec 11, 2019",Exception
DFS,75.80,74.97,74.01 x 3200,76.40 x 900,Exception,66.95 - 92.98,"3,169,865","1,753,483",23.675B,1.61,8.41,9.08,"Apr 22, 2020",1.76 (2.32%),"Feb 18, 2020",Exception
DISCA,29.70,29.55,29.33 x 4000,30.92 x 4000,Exception,25.90 - 33.66,"3,430,023","3,945,288",15.227B,1.62,13.45,2.22,"Aug 04, 2019",N/A (N/A),"<td class=""C($primaryColor) W(51%)"" data-reactid=""89",Exception
DISCK,28.23,28.01,28.38 x 800,29.01 x 4000,Exception,24.04 - 31.20,"5,799,447","2,864,001",15.192B,1.62,12.76,2.22,"Feb 26, 2020",N/A (N/A),"<td class=""C($primaryColor) W(51%)"" data-reactid=""87",Exception
DISH,36.75,36.64,37.11 x 800,37.12 x 2900,Exception,28.24 - 44.66,"1,700,338","2,204,275",19.413B,1.33,14.49,2.56,"Feb 10, 2020",N/A (N/A),"Dec 11, 2012",Exception
DG,155.75,154.96,156.55 x 1100,156.62 x 800,Exception,108.74 - 166.98,"1,000,760","1,948,585",39.97B,0.50,24.61,6.38,"Mar 11, 2020",1.28 (0.82%),"Jan 05, 2020",Exception
DLTR,86.11,85.70,87.26 x 800,87.91 x 800,Exception,85.37 - 119.71,"2,306,861","3,182,569",20.734B,0.45,N/A,-6.75,"Mar 03, 2020",N/A (N/A),"<td class=""C($primaryColor) W(51%)"" data-reactid=""89",Exception
D,85.39,85.34,85.01 x 800,87.00 x 800,Exception,69.04 - 86.69,"3,272,167","3,032,864",71.692B,0.22,69.41,1.25,"Feb 10, 2020",3.76 (4.40%),"Feb 26, 2020",Exception
DOV,116.38,116.69,118.69 x 800,118.91 x 800,Exception,86.13 - 120.20,"1,205,202","780,964",17.275B,1.46,26.83,4.43,"Jan 29, 2020",1.96 (1.68%),"Nov 26, 2019",Exception
DOW,49.67,48.31,48.47 x 800,48.41 x 3200,Exception,40.44 - 60.52,"5,523,250","3,872,266",35.94B,N/A,19.54,2.48,"Jan 28, 2020",2.80 (5.64%),"Nov 26, 2019",Exception
DTE,131.95,131.97,131.61 x 800,133.49 x 900,Exception,112.86 - 134.72,"1,416,558","1,213,620",25.579B,0.21,22.39,5.95,"Oct 21, 2019",4.05 (3.07%),"Dec 12, 2019",Exception
DUK,96.75,96.52,97.20 x 1000,98.06 x 800,Exception,84.28 - 97.55,"2,809,707","3,889,583",71.059B,0.07,20.18,4.83,"Feb 12, 2020",3.78 (3.91%),"Feb 12, 2020",Exception
DRE,36.38,36.19,36.72 x 1300,36.72 x 800,Exception,28.84 - 36.91,"2,679,822","2,190,548",13.501B,N/A,31.13,1.18,"Apr 21, 2020",0.94 (2.58%),"Nov 12, 2019",Exception
DD,57.69,55.24,52.83 x 3000,52.43 x 3200,Exception,22.50 - 83.72,"22,808,405","5,195,230",39.055B,1.03,50.07,1.05,"Jan 29, 2020",1.20 (2.08%),"Nov 26, 2019",Exception
DXC,33.10,32.58,32.01 x 800,33.99 x 800,Exception,26.02 - 69.45,"3,724,731","3,996,803",8.315B,2.09,N/A,-4.56,"Feb 05, 2020",0.84 (2.54%),"Dec 02, 2019",Exception
ETFC,43.73,43.42,43.05 x 3000,44.56 x 800,Exception,34.68 - 52.35,"2,159,850","3,410,883",9.916B,1.22,11.57,3.85,"Apr 14, 2020",0.56 (1.26%),"Feb 23, 2020",Exception
EMN,70.83,69.83,69.62 x 1000,78.19 x 900,Exception,61.22 - 86.18,"1,995,512","1,036,433",9.457B,1.38,12.65,5.50,"Jan 29, 2020",2.64 (3.73%),"Dec 12, 2019",Exception
ETN,96.87,95.62,93.09 x 1300,99.01 x 1200,Exception,74.29 - 99.82,"2,662,975","2,327,046",40.195B,1.43,17.29,5.62,"Feb 03, 2020",2.84 (2.93%),"Oct 30, 2019",Exception
EBAY,34.58,34.36,34.70 x 4000,35.06 x 800,Exception,32.77 - 42.00,"12,327,620","7,955,377",28.522B,1.26,16.75,2.09,"Apr 20, 2020",0.64 (1.55%),"Feb 27, 2020",Exception
ECL,197.81,197.60,180.20 x 3100,199.04 x 800,Exception,155.59 - 209.87,"642,515","1,078,701",57.499B,0.80,38.29,5.21,"Feb 17, 2020",1.88 (0.95%),"Dec 15, 2019",Exception
EIX,76.98,76.80,76.67 x 800,76.77 x 800,Exception,54.99 - 78.49,"1,243,792","2,302,475",27.494B,0.14,N/A,-0.87,"Feb 26, 2020",2.55 (3.31%),"Dec 29, 2019",Exception
EW,232.73,230.42,241.85 x 800,243.00 x 800,Exception,163.08 - 247.64,"977,679","1,207,429",48.799B,0.77,64.24,3.64,"Jan 29, 2020",N/A (N/A),"<td class=""C($primaryColor) W(51%)"" data-reactid=""87",Exception
EA,112.21,111.43,108.50 x 900,109.80 x 800,Exception,78.00 - 114.13,"3,436,456","2,398,441",32.597B,0.93,12.19,9.16,"Jan 29, 2020",N/A (N/A),"<td class=""C($primaryColor) W(51%)"" data-reactid=""87",Exception
EMR,73.91,73.00,73.64 x 1200,73.88 x 1100,Exception,55.98 - 78.38,"2,632,100","2,711,793",45.104B,1.38,19.90,3.71,"Feb 03, 2020",2.00 (2.71%),"Nov 13, 2019",Exception
ETR,130.55,130.50,121.21 x 800,131.47 x 800,Exception,86.78 - 131.79,"733,143","1,412,211",26.226B,0.27,32.17,4.09,"Feb 18, 2020",3.72 (2.85%),"Nov 05, 2019",Exception
EOG,75.14,74.13,75.15 x 1000,75.43 x 1100,Exception,64.33 - 107.89,"4,145,302","4,024,925",44.109B,1.42,14.72,5.15,"Feb 26, 2020",1.15 (1.53%),"Jan 15, 2020",Exception
EFX,154.42,153.31,94.14 x 800,152.74 x 800,Exception,105.21 - 155.70,"720,208","674,379",18.493B,1.19,N/A,-3.17,"Feb 17, 2020",1.56 (1.01%),"Nov 20, 2019",Exception
EQIX,602.57,602.70,595.00 x 800,605.52 x 800,Exception,372.75 - 609.97,"339,086","404,282",51.423B,0.62,102.00,5.91,"Feb 11, 2020",9.84 (1.63%),"Nov 18, 2019",Exception
EQR,82.27,81.96,83.97 x 800,88.25 x 800,Exception,70.78 - 89.55,"1,731,700","1,567,750",31.209B,0.34,32.33,2.60,"Apr 27, 2020",2.27 (2.76%),"Dec 30, 2019",Exception
ESS,303.50,304.43,214.23 x 900,311.43 x 800,Exception,265.37 - 334.17,"1,042,985","405,806",20.626B,0.28,48.09,6.49,"Apr 21, 2020",7.80 (2.57%),"Dec 30, 2019",Exception
EL,198.73,197.68,198.25 x 800,202.69 x 800,Exception,133.88 - 220.42,"1,472,870","1,545,583",71.484B,0.77,39.05,5.09,"Feb 05, 2020",1.92 (0.97%),"Nov 26, 2019",Exception
EVRG,72.19,72.23,68.25 x 800,74.03 x 800,Exception,54.57 - 72.62,"1,157,329","2,418,091",16.514B,0.14,28.79,2.52,"Nov 06, 2019",2.02 (2.80%),"Nov 25, 2019",Exception
ES,92.39,92.25,93.08 x 800,94.50 x 800,Exception,67.48 - 93.29,"1,424,607","1,925,143",30.178B,0.19,33.53,2.78,"Feb 17, 2020",2.14 (2.32%),"Dec 18, 2019",Exception
RE,274.62,273.07,276.53 x 800,276.64 x 800,Exception,208.01 - 281.98,"210,122","239,159",11.313B,0.25,26.86,10.31,"Feb 09, 2020",6.20 (2.26%),"Dec 02, 2019",Exception
EXC,47.81,47.62,48.10 x 4000,48.77 x 900,Exception,43.42 - 51.18,"5,158,465","6,312,056",46.72B,0.25,20.26,2.37,"Feb 10, 2020",1.53 (3.20%),"Feb 18, 2020",Exception
EXPE,109.55,106.57,108.74 x 800,110.49 x 1000,Exception,93.53 - 144.00,"2,055,263","3,438,040",15.807B,1.00,32.66,3.34,"Feb 12, 2020",1.36 (1.24%),"Nov 17, 2019",Exception
EXPD,73.62,73.00,73.44 x 800,73.47 x 1200,Exception,67.97 - 81.64,"1,263,108","1,169,006",12.505B,0.91,20.27,3.62,"Feb 17, 2020",1.00 (1.36%),"Nov 28, 2019",Exception
EXR,109.45,109.30,110.24 x 1200,110.31 x 1000,Exception,91.00 - 124.46,"552,911","936,875",14.321B,0.12,34.89,3.17,"Feb 17, 2020",3.60 (3.29%),"Dec 12, 2019",Exception
XOM,64.11,63.78,64.60 x 900,64.98 x 3000,Exception,63.43 - 83.49,"18,035,034","14,043,153",274.134B,1.00,18.88,3.43,"Jan 30, 2020",3.48 (5.43%),"Nov 07, 2019",Exception
FFIV,125.66,124.43,125.11 x 800,125.11 x 800,Exception,121.36 - 173.44,"701,412","680,043",7.608B,1.03,19.14,6.54,"Apr 21, 2020",N/A (N/A),"<td class=""C($primaryColor) W(51%)"" data-reactid=""89",Exception
FB,223.23,206.53,210.10 x 1400,210.15 x 1400,Exception,159.28 - 224.20,"47,865,815","14,076,795",597.527B,N/A,32.60,6.43,"Apr 21, 2020",N/A (N/A),"<td class=""C($primaryColor) W(51%)"" data-reactid=""89",Exception
FAST,35.90,34.73,36.05 x 1800,36.14 x 1300,Exception,28.38 - 37.94,"3,973,057","3,770,838",20.749B,1.23,26.19,1.38,"Apr 13, 2020",1.00 (2.79%),"Jan 29, 2020",Exception
FRT,126.05,125.62,125.20 x 900,138.00 x 800,Exception,124.36 - 141.35,"428,757","363,220",9.474B,0.42,37.01,3.39,"Feb 09, 2020",4.20 (3.33%),"Dec 30, 2019",Exception
FDX,148.06,146.00,148.02 x 800,148.50 x 800,Exception,137.78 - 199.32,"3,318,591","2,817,701",38.714B,1.69,545.07,0.27,"Mar 16, 2020",2.60 (1.76%),"Dec 05, 2019",Exception
FIS,148.09,147.17,144.52 x 1200,148.37 x 1100,Exception,104.30 - 150.42,"3,848,605","3,047,077",90.653B,0.63,74.34,1.98,"Feb 12, 2020",1.40 (0.95%),"Dec 11, 2019",Exception
FITB,28.47,28.23,27.79 x 3000,29.22 x 900,Exception,24.17 - 31.64,"7,998,620","4,487,911",20.693B,1.41,8.77,3.33,"Apr 21, 2019",0.96 (3.37%),"Dec 29, 2019",Exception
FE,50.97,50.89,49.31 x 800,52.10 x 900,Exception,38.11 - 51.07,"4,530,365","3,862,517",27.545B,0.20,23.62,2.16,"Feb 16, 2020",1.56 (3.06%),"Feb 05, 2020",Exception
FRC,112.07,111.09,112.96 x 800,120.00 x 800,Exception,87.43 - 122.34,"946,655","1,037,720",19.04B,0.91,21.73,5.20,"Apr 09, 2020",0.76 (0.68%),"Jan 28, 2020",Exception
FISV,120.04,119.00,120.01 x 800,121.20 x 800,Exception,81.62 - 122.93,"2,011,648","2,750,362",82.424B,0.78,58.42,2.08,"Feb 03, 2020",N/A (N/A),"<td class=""C($primaryColor) W(51%)"" data-reactid=""87",Exception
FLT,319.55,317.70,200.00 x 1000,320.55 x 800,Exception,200.43 - 322.29,"493,257","699,212",27.872B,1.09,30.10,10.67,"Feb 05, 2020",N/A (N/A),"<td class=""C($primaryColor) W(51%)"" data-reactid=""87",Exception
FLIR,52.77,52.33,52.52 x 1000,60.63 x 800,Exception,44.18 - 55.54,"378,112","581,414",7.04B,1.15,26.97,1.95,"Feb 10, 2020",0.68 (1.29%),"Nov 24, 2019",Exception
FLS,48.34,47.80,48.47 x 1000,52.00 x 800,Exception,39.75 - 54.16,"1,227,845","673,846",6.357B,1.71,25.84,1.88,"Feb 17, 2020",0.76 (1.57%),"Dec 25, 2019",Exception
FMC,96.37,95.31,87.56 x 800,96.11 x 1000,Exception,67.35 - 101.95,"670,027","858,733",12.45B,1.49,24.92,3.85,"Feb 04, 2020",1.76 (1.83%),"Dec 29, 2019",Exception
F,8.86,8.81,8.82 x 40700,8.85 x 21500,Exception,8.16 - 10.56,"42,626,414","39,668,137",35.05B,1.07,22.10,0.40,"Feb 03, 2020",0.60 (6.77%),"Jan 28, 2020",Exception
FTNT,117.27,116.41,118.34 x 900,126.50 x 800,Exception,68.87 - 120.44,"785,786","1,298,929",20.238B,1.17,52.45,2.26,"Feb 05, 2020",N/A (N/A),"<td class=""C($primaryColor) W(51%)"" data-reactid=""87",Exception
FTV,75.31,74.94,75.97 x 800,76.03 x 800,Exception,63.51 - 89.48,"1,596,578","1,624,601",25.588B,1.25,9.98,7.64,"Feb 05, 2020",0.28 (0.37%),"Feb 26, 2020",Exception
FBHS,67.26,66.74,67.00 x 800,76.00 x 2900,Exception,43.25 - 71.78,"3,436,628","1,047,609",9.881B,N/A,23.23,3.06,"Apr 21, 2020",0.96 (1.43%),"Feb 26, 2020",Exception
FOXA,36.58,36.17,35.01 x 800,37.17 x 1000,Exception,29.69 - 41.95,"2,791,105","4,199,416",22.825B,N/A,15.44,2.40,"Feb 03, 2020",0.46 (1.24%),"Sep 02, 2019",Exception
FOX,35.99,35.60,36.13 x 800,36.46 x 3200,Exception,29.61 - 41.73,"929,235","1,325,914",22.842B,N/A,15.20,2.40,"<td class=""C($primaryColor) W(51%)"" data-reactid=""78",0.46 (1.26%),"Sep 02, 2019",Exception
BEN,24.84,25.07,25.39 x 800,26.12 x 1800,Exception,24.47 - 35.82,"8,642,793","3,215,830",13.083B,1.24,11.15,2.35,"Jan 29, 2020",1.08 (4.35%),"Dec 29, 2019",Exception
FCX,11.29,11.08,11.26 x 1000,11.39 x 36900,Exception,8.43 - 14.68,"31,000,207","22,831,517",16.424B,2.51,N/A,-0.17,"Apr 22, 2020",0.20 (1.77%),"Jan 13, 2020",Exception
GPS,18.11,17.92,18.12 x 4000,18.13 x 2900,Exception,15.11 - 31.39,"4,241,128","6,345,888",6.764B,0.73,8.46,2.14,"Feb 26, 2020",0.97 (5.36%),"Jan 06, 2020",Exception
GRMN,100.53,99.87,99.33 x 800,100.20 x 800,Exception,68.01 - 102.42,"496,971","928,912",18.881B,0.91,24.22,4.10,"Feb 18, 2020",2.28 (2.27%),"Mar 12, 2020",Exception
IT,162.14,161.29,120.00 x 800,163.31 x 900,Exception,124.77 - 171.78,"243,221","462,970",14.603B,1.20,59.69,2.73,"Feb 03, 2020",N/A (N/A),"Jul 18, 1999",Exception
GD,183.47,182.30,181.61 x 800,181.71 x 800,Exception,160.21 - 193.76,"1,682,284","1,279,132",52.431B,1.13,15.71,11.54,"Apr 21, 2020",4.08 (2.21%),"Jan 15, 2020",Exception
GE,12.94,12.89,12.70 x 1000,12.73 x 38800,Exception,7.65 - 13.00,"94,283,933","60,529,498",111.178B,1.17,N/A,-0.62,"Apr 28, 2020",0.04 (0.34%),"Dec 19, 2019",Exception
GIS,53.03,53.05,52.53 x 800,54.00 x 800,Exception,42.80 - 56.40,"2,424,246","3,340,617",32.497B,0.70,15.44,3.48,"Mar 17, 2020",1.96 (3.70%),"Apr 07, 2020",Exception
GM,33.60,33.40,33.36 x 800,33.44 x 3000,Exception,32.97 - 41.90,"11,340,617","8,953,491",47.621B,1.39,5.43,6.14,"Feb 04, 2020",1.52 (4.52%),"Dec 04, 2019",Exception
GPC,97.16,96.16,96.78 x 1400,96.80 x 1300,Exception,87.26 - 115.20,"526,463","633,875",14.076B,0.93,17.78,5.45,"Feb 18, 2020",3.05 (3.14%),"Dec 04, 2019",Exception
GILD,64.30,63.90,63.61 x 900,63.89 x 800,Exception,60.89 - 70.50,"8,460,694","7,291,395",81.008B,1.12,30.52,2.10,"Feb 03, 2020",2.52 (3.92%),"Dec 11, 2019",Exception
GL,105.96,105.20,93.80 x 1300,107.08 x 800,Exception,79.70 - 107.37,"324,016","452,362",11.618B,0.96,16.30,6.58,"Feb 03, 2020",0.69 (0.65%),"Jan 01, 2020",Exception
GPN,199.27,197.91,199.82 x 1000,199.83 x 800,Exception,111.65 - 202.58,"997,139","1,567,272",60.122B,0.95,80.63,2.48,"Feb 11, 2020",0.78 (0.39%),"Dec 11, 2019",Exception
GS,240.12,237.69,243.83 x 900,244.56 x 1200,Exception,180.73 - 250.46,"3,214,149","2,472,427",86.443B,1.37,11.61,21.03,"Apr 12, 2020",5.00 (2.08%),"Feb 27, 2020",Exception
GWW,327.49,316.51,312.91 x 800,314.99 x 4000,Exception,255.09 - 346.60,"794,492","317,314",16.836B,0.98,18.30,17.08,"Apr 22, 2020",5.76 (1.76%),"Feb 06, 2020",Exception
HRB,23.75,23.56,23.50 x 1100,23.55 x 1100,Exception,22.79 - 29.62,"3,178,428","3,465,790",4.582B,0.21,11.59,2.03,"Mar 04, 2020",1.04 (4.38%),"Dec 05, 2019",Exception
HAL,21.63,21.23,21.81 x 2200,21.95 x 800,Exception,16.97 - 32.71,"10,159,889","11,657,045",19.268B,1.55,N/A,-1.29,"Apr 19, 2020",0.72 (3.33%),"Dec 03, 2019",Exception
HBI,14.34,14.21,14.25 x 900,14.30 x 3200,Exception,12.90 - 19.38,"4,410,662","5,609,690",5.161B,1.14,8.92,1.60,"Feb 04, 2020",0.60 (4.18%),"Nov 07, 2019",Exception
HOG,33.82,33.43,33.26 x 800,34.50 x 1000,Exception,30.17 - 41.40,"1,836,786","1,659,716",5.243B,1.17,12.68,2.68,"Apr 20, 2020",1.50 (4.44%),"Dec 12, 2019",Exception
HIG,58.52,58.23,57.85 x 800,59.99 x 1200,Exception,45.93 - 62.75,"2,205,966","1,863,074",21.452B,0.63,12.69,4.69,"Feb 02, 2020",1.20 (2.05%),"Nov 28, 2019",Exception
HAS,104.29,103.07,102.96 x 800,102.87 x 1200,Exception,82.87 - 126.87,"1,073,790","1,251,011",14.081B,1.03,49.96,2.06,"Feb 10, 2020",2.72 (2.61%),"Jan 29, 2020",Exception
HCA,145.24,144.84,143.24 x 1100,149.00 x 1000,Exception,110.31 - 150.17,"1,874,785","1,389,420",48.655B,0.93,14.25,10.06,"Apr 27, 2020",1.72 (1.18%),"Feb 27, 2020",Exception
PEAK,36.66,36.62,36.50 x 1400,36.51 x 2200,Exception,28.86 - 37.93,"2,654,947","3,640,467",18.071B,0.15,N/A,N/A,"Feb 10, 2020",1.48 (4.04%),"Oct 31, 2019",Exception
HP,39.60,39.05,40.06 x 1100,44.00 x 800,Exception,35.74 - 64.80,"2,165,307","1,781,998",4.447B,1.69,N/A,-0.34,"Feb 03, 2020",2.84 (6.99%),"Feb 06, 2020",Exception
HSIC,70.45,70.02,71.52 x 1100,71.53 x 800,Exception,56.58 - 72.81,"1,276,231","1,080,951",10.488B,0.77,21.58,3.31,"Feb 17, 2020",N/A (N/A),"<td class=""C($primaryColor) W(51%)"" data-reactid=""89",Exception
HSY,151.15,151.39,157.97 x 800,158.11 x 900,Exception,100.80 - 162.20,"1,352,318","823,780",23.453B,0.05,26.10,6.06,"Apr 22, 2020",3.09 (2.05%),"Nov 20, 2019",Exception
HES,57.82,57.48,58.31 x 800,58.73 x 900,Exception,51.10 - 74.11,"3,991,277","2,542,330",17.844B,2.03,N/A,-1.37,"Apr 22, 2020",1.00 (1.73%),"Dec 12, 2019",Exception
HPE,14.42,14.26,14.38 x 900,14.39 x 1100,Exception,12.52 - 17.59,"6,494,472","8,837,516",18.644B,1.51,18.73,0.77,"Feb 18, 2020",0.48 (3.28%),"Dec 09, 2019",Exception
HLT,110.01,108.30,108.97 x 1000,109.00 x 800,Exception,73.48 - 113.96,"2,268,224","1,625,864",30.776B,1.07,34.49,3.16,"Feb 10, 2020",0.60 (0.56%),"Nov 06, 2019",Exception
HFC,45.98,45.31,45.05 x 800,45.10 x 800,Exception,37.73 - 58.88,"1,720,325","1,901,903",7.293B,1.42,9.05,4.99,"Feb 19, 2020",1.40 (3.04%),"Nov 25, 2019",Exception
HOLX,54.65,54.68,47.00 x 3100,60.99 x 2900,Exception,42.61 - 55.16,"4,369,132","2,374,146",14.324B,N/A,176.07,0.31,"Apr 28, 2020",N/A (N/A),"<td class=""C($primaryColor) W(51%)"" data-reactid=""89",Exception
HD,234.02,232.00,232.78 x 800,234.00 x 1400,Exception,179.52 - 239.31,"4,552,937","4,940,017",253.934B,0.99,23.18,10.04,"Feb 24, 2020",5.44 (2.32%),"Dec 03, 2019",Exception
HON,175.67,173.80,179.01 x 800,180.50 x 800,Exception,142.25 - 184.06,"2,794,199","2,493,661",127.43B,1.13,20.82,8.56,"Jan 30, 2020",3.60 (2.05%),"Nov 13, 2019",Exception
HRL,47.32,47.31,46.45 x 800,47.90 x 900,Exception,37.00 - 47.98,"2,242,911","2,280,032",25.603B,0.06,26.60,1.80,"Feb 19, 2020",0.93 (1.97%),"Jan 09, 2020",Exception
HST,16.77,16.61,16.54 x 3000,18.16 x 21500,Exception,15.51 - 20.35,"8,716,042","7,463,682",11.869B,1.17,10.68,1.55,"Feb 18, 2020",0.80 (4.77%),"Dec 29, 2019",Exception
HPQ,21.43,21.28,21.55 x 900,21.60 x 800,Exception,15.93 - 24.09,"8,191,104","11,921,569",31.287B,1.50,10.40,2.07,"Feb 24, 2020",0.70 (3.29%),"Mar 09, 2020",Exception
HUM,351.57,348.35,339.00 x 800,341.49 x 800,Exception,225.65 - 376.40,"1,205,179","971,664",45.454B,0.91,18.28,18.78,"Feb 04, 2020",2.20 (0.63%),"Dec 29, 2019",Exception
HBAN,13.48,13.41,13.76 x 39400,13.76 x 1800,Exception,12.15 - 15.63,"9,620,761","8,883,527",14.025B,1.46,10.83,1.27,"Oct 20, 2019",0.60 (4.45%),"Mar 16, 2020",Exception
HII,264.34,261.59,203.97 x 800,265.85 x 800,Exception,196.26 - 279.71,"263,398","314,540",10.872B,1.21,18.14,14.65,"Feb 12, 2020",4.12 (1.56%),"Nov 26, 2019",Exception
IEX,172.14,162.19,165.03 x 900,165.10 x 900,Exception,136.24 - 176.70,"859,658","396,964",12.557B,1.21,29.80,5.57,"Apr 22, 2020",2.00 (1.16%),"Jan 13, 2020",Exception
IDXX,280.80,278.80,283.74 x 800,285.00 x 900,Exception,198.75 - 294.57,"488,417","505,527",24.339B,0.72,58.88,4.82,"Jan 30, 2020",N/A (N/A),"<td class=""C($primaryColor) W(51%)"" data-reactid=""87",Exception
INFO,79.79,79.30,79.94 x 1100,81.50 x 1400,Exception,51.11 - 81.28,"2,859,757","1,857,467",31.416B,0.89,65.00,1.23,"Mar 23, 2020",0.68 (0.85%),"Feb 04, 2020",Exception
ITW,175.81,173.97,178.00 x 900,178.25 x 2200,Exception,130.00 - 182.34,"1,589,454","1,098,551",57.178B,1.22,23.45,7.59,"Jan 30, 2020",4.28 (2.43%),"Dec 29, 2019",Exception
ILMN,313.30,297.50,296.00 x 800,295.99 x 900,Exception,263.30 - 380.76,"3,274,444","880,425",43.512B,N/A,43.92,6.74,"Apr 22, 2020",N/A (N/A),"<td class=""C($primaryColor) W(51%)"" data-reactid=""89",Exception
IR,134.29,133.55,134.50 x 800,159.98 x 800,Exception,98.66 - 138.33,"2,072,070","1,326,369",32.206B,1.23,24.30,5.56,"Apr 27, 2020",2.12 (1.58%),"Dec 04, 2019",Exception
INTC,66.33,65.64,66.55 x 3200,66.59 x 800,Exception,42.86 - 69.29,"17,402,155","20,390,925",288.492B,0.91,14.11,4.71,"Apr 22, 2020",1.32 (1.96%),"Feb 05, 2020",Exception
ICE,98.91,98.58,99.40 x 800,101.94 x 800,Exception,71.90 - 100.18,"1,407,168","2,523,417",55.78B,0.45,27.18,3.68,"Feb 05, 2020",1.10 (1.11%),"Dec 12, 2019",Exception
IBM,137.69,136.76,136.27 x 800,143.49 x 1100,Exception,126.85 - 152.95,"4,417,823","3,733,680",122.765B,1.34,12.94,10.57,"Apr 13, 2020",6.48 (4.71%),"Feb 06, 2020",Exception
INCY,74.99,74.55,72.50 x 900,73.00 x 800,Exception,72.00 - 96.79,"1,429,659","1,446,461",15.754B,0.95,39.09,1.87,"Feb 12, 2020",N/A (N/A),"<td class=""C($primaryColor) W(51%)"" data-reactid=""87",Exception
IP,43.37,42.74,41.60 x 1200,42.20 x 1300,Exception,36.45 - 48.24,"4,481,490","2,654,790",16.543B,1.53,12.36,3.41,"Apr 29, 2020",2.05 (4.73%),"Feb 19, 2020",Exception
IPG,23.02,22.85,23.18 x 800,23.28 x 3200,Exception,19.56 - 24.15,"3,709,458","2,784,048",8.995B,1.11,13.83,1.68,"Feb 11, 2020",0.94 (4.08%),"Nov 28, 2019",Exception
IFF,135.05,133.03,125.11 x 900,136.02 x 800,Exception,104.86 - 152.95,"1,854,686","1,163,924",14.199B,0.87,39.12,3.40,"Feb 11, 2020",3.00 (2.22%),"Dec 25, 2019",Exception
INTU,285.92,284.19,272.00 x 1100,286.76 x 900,Exception,212.67 - 295.77,"766,794","1,371,538",74.612B,1.05,47.93,5.98,"Feb 18, 2020",2.12 (0.74%),"Jan 08, 2020",Exception
ISRG,571.41,568.65,560.58 x 900,571.00 x 800,Exception,455.15 - 616.56,"734,515","618,383",65.974B,1.12,49.47,11.54,"Apr 15, 2020",N/A (N/A),"<td class=""C($primaryColor) W(51%)"" data-reactid=""89",Exception
IVZ,17.63,17.40,17.09 x 900,17.54 x 4000,Exception,15.15 - 22.18,"5,889,232","4,439,546",8.002B,N/A,13.77,1.28,"Apr 22, 2020",1.24 (7.03%),"Nov 07, 2019",Exception
IPGP,130.07,129.21,123.01 x 800,150.00 x 800,Exception,113.67 - 182.17,"531,784","399,033",6.959B,2.17,27.14,4.83,"Feb 12, 2020",N/A (N/A),"Dec 18, 2012",Exception
IQV,158.50,157.14,156.80 x 1000,180.00 x 800,Exception,126.50 - 164.13,"1,100,772","1,275,658",30.464B,0.88,130.72,1.20,"Feb 11, 2020",N/A (N/A),"<td class=""C($primaryColor) W(51%)"" data-reactid=""87",Exception
IRM,31.70,31.69,31.89 x 800,32.05 x 900,Exception,29.28 - 37.32,"1,818,609","2,530,550",9.157B,0.52,23.13,1.38,"Feb 12, 2020",2.47 (7.80%),"Dec 12, 2019",Exception
JKHY,149.60,148.56,153.08 x 800,153.17 x 800,Exception,126.00 - 153.44,"510,957","416,708",11.812B,0.87,42.53,3.60,"Feb 03, 2020",1.60 (1.07%),"Nov 28, 2019",Exception
J,94.78,93.64,58.81 x 1100,103.00 x 800,Exception,63.70 - 98.08,"717,245","1,001,841",12.591B,1.31,N/A,N/A,"Feb 03, 2020",0.76 (0.80%),"Jan 29, 2020",Exception
JBHT,111.93,111.31,64.18 x 800,111.68 x 800,Exception,83.64 - 122.29,"526,163","833,375",11.861B,1.11,23.51,4.75,"Apr 12, 2020",1.08 (0.96%),"Feb 05, 2020",Exception
SJM,105.18,105.18,105.00 x 800,105.96 x 800,Exception,99.54 - 128.43,"760,929","948,566",12.069B,0.40,21.59,4.90,"Feb 25, 2020",3.52 (3.35%),"Feb 12, 2020",Exception
JNJ,150.54,150.03,150.36 x 900,150.61 x 900,Exception,126.10 - 151.19,"6,098,537","6,583,387",395.728B,0.71,26.71,5.63,"Apr 13, 2020",3.80 (2.52%),"Feb 23, 2020",Exception
JCI,40.49,40.29,40.75 x 800,40.52 x 1400,Exception,32.77 - 44.82,"8,635,392","4,644,830",30.9B,1.15,6.24,6.49,"Jan 30, 2020",1.04 (2.57%),"Dec 12, 2019",Exception
JPM,134.23,132.69,135.90 x 800,136.39 x 1300,Exception,98.09 - 141.10,"8,011,267","10,489,917",419.085B,1.22,12.68,10.72,"Apr 13, 2020",3.60 (2.68%),"Jan 02, 2020",Exception
JNPR,22.76,22.51,22.39 x 800,22.99 x 4000,Exception,22.40 - 28.77,"4,178,998","3,743,148",7.701B,0.98,23.15,0.99,"Apr 22, 2020",0.80 (3.51%),"Feb 27, 2020",Exception
KSU,169.70,167.52,155.01 x 800,170.39 x 800,Exception,101.11 - 170.89,"966,596","1,048,625",16.408B,0.99,31.60,5.40,"Apr 14, 2020",1.60 (0.94%),"Dec 29, 2019",Exception
K,68.43,68.33,68.01 x 800,69.48 x 800,Exception,51.34 - 71.05,"1,378,346","1,563,106",23.495B,0.55,32.55,2.12,"Feb 05, 2020",2.28 (3.33%),"Nov 28, 2019",Exception
KEY,18.88,18.67,19.01 x 41800,19.29 x 800,Exception,14.82 - 20.53,"9,526,656","8,543,720",18.645B,1.32,11.79,1.62,"Apr 15, 2020",0.74 (3.92%),"Mar 01, 2020",Exception
KEYS,95.66,94.98,94.50 x 900,95.49 x 1000,Exception,71.03 - 110.00,"2,404,337","1,385,358",17.957B,1.23,29.32,3.25,"Feb 18, 2020",N/A (N/A),"<td class=""C($primaryColor) W(51%)"" data-reactid=""89",Exception
KMB,143.20,143.39,140.53 x 1200,148.08 x 800,Exception,107.63 - 149.23,"963,076","1,408,733",49.377B,0.52,23.18,6.24,"Apr 19, 2020",4.28 (2.99%),"Mar 04, 2020",Exception
KIM,20.06,19.90,19.32 x 1800,20.49 x 800,Exception,16.63 - 21.86,"9,828,997","3,485,419",8.17B,0.56,25.90,0.75,"Apr 29, 2020",1.12 (5.58%),"Dec 30, 2019",Exception
KMI,21.19,21.00,21.37 x 800,21.48 x 21500,Exception,17.71 - 21.88,"19,572,457","12,645,825",48.516B,0.78,22.15,0.97,"Apr 14, 2020",1.00 (4.72%),"Jan 30, 2020",Exception
KLAC,171.72,173.50,173.00 x 1000,175.49 x 1000,Exception,101.34 - 184.50,"1,425,768","1,237,077",27.286B,1.69,24.28,7.12,"Feb 03, 2020",3.40 (1.98%),"Nov 14, 2019",Exception
KSS,44.85,44.51,44.27 x 1000,44.82 x 800,Exception,43.33 - 75.91,"2,398,486","4,039,851",6.977B,1.05,10.26,4.34,"Mar 02, 2020",2.68 (5.98%),"Dec 09, 2019",Exception
KHC,29.62,29.61,29.34 x 800,29.90 x 4000,Exception,24.86 - 48.66,"5,742,384","6,812,232",36.562B,1.03,N/A,-8.87,"Feb 12, 2020",1.60 (5.31%),"Nov 13, 2019",Exception
KR,27.45,27.30,27.21 x 800,27.93 x 1300,Exception,20.70 - 29.97,"3,821,956","6,670,441",22.056B,0.61,14.07,1.96,"Mar 04, 2020",0.64 (2.33%),"Feb 12, 2020",Exception
LB,23.22,22.91,23.05 x 2200,23.48 x 800,Exception,15.80 - 29.02,"8,953,491","8,169,658",6.472B,0.79,17.64,1.33,"Feb 25, 2020",1.20 (5.17%),"Nov 20, 2019",Exception
LHX,223.57,222.01,222.80 x 1000,224.84 x 900,Exception,151.77 - 225.85,"1,016,290","1,346,582",49.682B,0.86,28.34,7.93,"Feb 03, 2020",3.00 (1.34%),"Nov 20, 2019",Exception
LH,179.98,179.12,178.79 x 800,182.00 x 800,Exception,137.52 - 181.72,"503,232","596,812",17.385B,1.03,23.59,7.59,"Feb 12, 2020",N/A (N/A),"Mar 28, 1994",Exception
LRCX,298.22,318.40,311.41 x 1000,312.90 x 1300,Exception,163.60 - 319.00,"3,850,820","1,448,864",45.112B,N/A,23.03,13.50,"Apr 21, 2020",4.60 (1.54%),"Dec 09, 2019",Exception
LW,92.05,91.53,84.77 x 1100,92.12 x 1800,Exception,58.83 - 94.46,"677,543","1,026,391",13.458B,0.21,26.70,3.45,"Mar 30, 2020",0.92 (1.00%),"Jan 29, 2020",Exception
LVS,64.70,63.57,66.11 x 800,66.45 x 1800,Exception,51.17 - 74.29,"7,918,741","3,455,108",50.844B,N/A,18.92,3.50,"Apr 14, 2020",3.08 (4.76%),"Dec 15, 2019",Exception
LEG,49.36,48.86,49.27 x 800,51.75 x 900,Exception,35.35 - 55.42,"935,544","1,215,154",6.497B,1.10,22.24,2.22,"Feb 02, 2020",1.60 (3.24%),"Dec 11, 2019",Exception
LDOS,101.83,101.27,99.49 x 800,102.42 x 800,Exception,57.75 - 104.36,"498,791","862,411",14.59B,1.54,22.34,4.59,"Feb 17, 2020",1.36 (1.34%),"Dec 12, 2019",Exception
LEN,67.78,67.75,67.26 x 1000,68.40 x 800,Exception,44.84 - 68.59,"2,700,129","3,348,627",20.713B,1.02,11.71,5.74,"Mar 24, 2020",0.50 (0.74%),"Jan 22, 2020",Exception
LLY,139.92,138.18,142.85 x 900,144.05 x 800,Exception,101.36 - 143.72,"4,997,681","3,319,779",136.982B,0.20,17.28,8.26,"Apr 22, 2020",2.96 (2.12%),"Feb 12, 2020",Exception
LNC,55.07,54.16,54.15 x 800,57.06 x 800,Exception,50.82 - 67.52,"1,378,872","1,542,525",11.122B,1.95,13.72,4.09,"Feb 04, 2020",1.60 (2.91%),"Jan 08, 2020",Exception
LIN,208.23,206.47,200.11 x 800,207.93 x 1400,Exception,159.08 - 214.45,"1,324,774","1,342,667",111.856B,0.79,23.03,9.04,"Feb 12, 2020",3.50 (1.68%),"Dec 01, 2019",Exception
LYV,70.57,70.71,70.50 x 900,70.49 x 900,Exception,52.22 - 76.06,"1,853,211","2,052,977",15.099B,1.16,"1,643.02",0.04,"Feb 25, 2020",N/A (N/A),"<td class=""C($primaryColor) W(51%)"" data-reactid=""89",Exception
LKQ,33.49,33.23,30.00 x 2200,33.65 x 800,Exception,24.44 - 36.63,"921,941","2,093,419",10.3B,1.32,24.21,1.39,"Feb 19, 2020",N/A (N/A),"<td class=""C($primaryColor) W(51%)"" data-reactid=""87",Exception
LMT,433.84,430.34,435.10 x 1200,436.99 x 1000,Exception,287.79 - 438.99,"1,196,283","1,075,714",122.955B,0.94,19.86,21.95,"Apr 20, 2020",9.60 (2.21%),"Feb 27, 2020",Exception
L,51.67,51.20,52.32 x 1300,56.50 x 800,Exception,44.17 - 56.20,"834,092","917,579",15.58B,0.68,29.28,1.79,"Feb 09, 2020",0.25 (0.48%),"Nov 25, 2019",Exception
LOW,120.42,119.53,119.41 x 900,120.00 x 1200,Exception,91.60 - 123.14,"3,404,589","3,684,667",91.762B,1.27,32.06,3.73,"Feb 25, 2020",2.20 (1.83%),"Jan 20, 2020",Exception
LYB,83.85,82.80,81.00 x 800,90.00 x 800,Exception,68.61 - 98.91,"2,712,238","1,925,600",27.823B,1.40,8.82,9.46,"Jan 30, 2020",4.20 (5.01%),"Nov 28, 2019",Exception
MTB,169.10,167.81,155.90 x 800,170.17 x 800,Exception,141.50 - 176.11,"894,416","596,922",22.29B,1.11,12.41,13.75,"Apr 12, 2020",4.40 (2.60%),"Nov 28, 2019",Exception
M,16.87,16.63,16.75 x 900,16.89 x 800,Exception,14.11 - 26.48,"8,336,490","17,293,991",5.2B,0.65,5.43,3.10,"Feb 24, 2020",1.51 (8.95%),"Dec 11, 2019",Exception
MRO,11.75,11.55,11.71 x 1000,11.86 x 21500,Exception,11.06 - 18.93,"16,181,828","11,665,827",9.443B,2.35,10.90,1.09,"Feb 11, 2020",0.20 (1.70%),"Nov 18, 2019",Exception
MPC,53.59,52.78,56.50 x 800,56.11 x 800,Exception,43.96 - 69.65,"5,085,076","5,604,562",35.291B,N/A,13.69,3.97,"Jan 28, 2020",2.32 (4.33%),"Feb 17, 2020",Exception
MKTX,352.04,350.03,344.03 x 1000,413.93 x 800,Exception,209.16 - 421.45,"244,138","270,264",13.583B,0.16,67.71,5.29,"Apr 28, 2020",2.40 (0.68%),"Feb 10, 2020",Exception
MAR,142.61,140.54,139.26 x 900,143.31 x 800,Exception,112.68 - 153.39,"1,649,856","1,425,917",46.853B,1.30,37.08,3.87,"Feb 25, 2020",1.92 (1.35%),"Nov 19, 2019",Exception
MMC,115.94,113.66,95.10 x 800,125.00 x 800,Exception,82.68 - 116.84,"2,208,641","1,504,856",57.835B,0.74,38.99,2.94,"Apr 22, 2020",1.82 (1.57%),"Jan 27, 2020",Exception
MLM,260.65,259.23,248.52 x 1000,269.38 x 900,Exception,175.76 - 281.82,"733,865","563,900",16.669B,1.10,29.16,9.15,"Feb 09, 2020",2.20 (0.84%),"Nov 28, 2019",Exception
MAS,48.00,47.57,43.86 x 800,48.62 x 800,Exception,31.90 - 49.90,"1,966,088","2,365,288",13.929B,1.40,21.28,2.29,"Feb 10, 2020",0.54 (1.13%),"Jan 08, 2020",Exception
MA,320.32,319.00,321.60 x 800,322.60 x 900,Exception,208.00 - 327.09,"3,350,233","3,232,179",327.335B,1.03,48.25,6.72,"Apr 27, 2020",1.60 (0.50%),"Jan 07, 2020",Exception
MKC,167.41,167.74,165.53 x 1100,165.49 x 1200,Exception,120.49 - 174.58,"822,877","691,350",21.987B,0.13,31.59,5.24,"Mar 23, 2020",2.48 (1.48%),"Dec 29, 2019",Exception
MXIM,61.53,60.63,61.01 x 1800,62.46 x 900,Exception,51.26 - 65.73,"2,388,220","2,007,814",16.794B,1.41,21.78,2.85,"Apr 27, 2020",1.92 (3.12%),"Feb 25, 2020",Exception
MCD,214.44,214.00,216.01 x 800,216.65 x 900,Exception,173.41 - 221.93,"3,310,256","3,781,035",162.804B,0.45,28.38,7.62,"Apr 27, 2020",5.00 (2.33%),"Feb 27, 2020",Exception
MCK,149.34,148.50,142.61 x 1000,147.59 x 1400,Exception,110.52 - 156.97,"1,307,550","1,315,075",26.524B,1.12,N/A,-3.36,"Feb 03, 2020",1.64 (1.08%),"Feb 27, 2020",Exception
MDT,118.37,117.43,117.86 x 800,118.00 x 800,Exception,82.77 - 122.15,"4,681,531","4,128,882",158.366B,0.60,33.56,3.52,"Feb 17, 2020",2.16 (1.82%),"Dec 25, 2019",Exception
MRK,87.24,86.95,86.50 x 1300,86.61 x 900,Exception,72.23 - 92.64,"9,785,173","8,286,658",220.227B,0.53,24.17,3.58,"Feb 04, 2020",2.44 (2.80%),"Mar 12, 2020",Exception
MET,50.49,50.00,49.65 x 1800,51.02 x 2200,Exception,41.41 - 52.76,"4,247,659","5,072,430",47.159B,1.14,6.85,7.48,"Feb 04, 2020",1.76 (3.49%),"Feb 02, 2020",Exception
MTD,802.62,792.43,585.00 x 1200,800.00 x 800,Exception,629.68 - 873.51,"174,503","169,777",18.923B,1.36,35.65,21.80,"Feb 05, 2020",N/A (N/A),"<td class=""C($primaryColor) W(51%)"" data-reactid=""87",Exception
MGM,31.27,30.79,30.78 x 2200,31.27 x 800,Exception,23.68 - 34.64,"6,582,412","4,606,204",16.119B,1.52,"10,433.33",0.00,"Feb 11, 2020",0.52 (1.68%),"Dec 08, 2019",Exception
MCHP,102.46,101.56,95.01 x 900,101.94 x 900,Exception,77.66 - 112.47,"2,249,626","2,439,140",24.271B,1.43,66.38,1.53,"Feb 03, 2020",1.47 (1.43%),"Nov 19, 2019",Exception
MU,55.30,54.18,56.06 x 2200,55.99 x 1800,Exception,32.14 - 60.56,"30,249,046","21,082,469",61.131B,1.98,17.85,3.08,"Mar 17, 2020",N/A (N/A),"May 06, 1996",Exception
MSFT,168.04,174.05,172.76 x 800,172.83 x 1800,Exception,102.35 - 174.05,"47,377,251","21,880,106",1.298T,1.23,32.60,5.30,"Apr 21, 2020",2.04 (1.21%),"Feb 18, 2020",Exception
MAA,136.58,136.91,137.04 x 800,137.11 x 1000,Exception,99.30 - 140.15,"622,963","574,940",15.683B,N/A,44.79,3.07,"Apr 28, 2020",4.00 (2.93%),"Jan 13, 2020",Exception
MHK,135.53,134.10,100.00 x 800,170.00 x 800,Exception,108.93 - 156.60,"440,776","639,330",9.68B,1.28,2.71,49.90,"Feb 12, 2020",N/A (N/A),"<td class=""C($primaryColor) W(51%)"" data-reactid=""87",Exception
TAP,56.30,56.10,56.25 x 900,56.26 x 800,Exception,49.82 - 67.24,"1,113,446","1,669,151",12.19B,0.75,79.24,0.71,"Feb 11, 2020",2.28 (4.05%),"Nov 28, 2019",Exception
MDLZ,54.56,56.02,58.37 x 3000,58.67 x 1800,Exception,44.00 - 58.93,"17,098,636","5,966,222",84.661B,N/A,22.19,2.65,"Apr 27, 2020",1.14 (2.09%),"Dec 29, 2019",Exception
MNST,66.55,66.30,65.00 x 800,67.08 x 2200,Exception,52.23 - 68.01,"2,311,524","2,791,911",36.03B,1.16,33.69,1.99,"Feb 24, 2020",N/A (N/A),"<td class=""C($primaryColor) W(51%)"" data-reactid=""89",Exception
MCO,260.67,259.88,207.55 x 900,276.00 x 900,Exception,155.09 - 263.89,"548,781","669,190",49.807B,1.23,38.66,6.82,"Feb 11, 2020",2.00 (0.77%),"Nov 19, 2019",Exception
MS,53.68,52.61,53.56 x 2200,54.00 x 800,Exception,38.76 - 57.57,"8,422,576","9,219,659",85.789B,1.38,10.37,5.19,"Apr 14, 2020",1.40 (2.61%),"Jan 29, 2020",Exception
MOS,19.31,19.05,19.75 x 1800,20.24 x 1800,Exception,17.36 - 33.91,"6,744,394","4,446,087",7.799B,1.65,N/A,-0.09,"Feb 18, 2020",0.20 (1.04%),"Mar 03, 2020",Exception
MSI,179.42,177.44,154.36 x 1000,181.00 x 800,Exception,116.45 - 182.28,"568,291","1,233,280",30.852B,0.55,30.08,5.99,"Feb 05, 2020",2.56 (1.43%),"Dec 11, 2019",Exception
MSCI,282.28,282.11,250.00 x 800,292.84 x 900,Exception,161.43 - 293.08,"602,563","448,903",24.439B,1.13,41.97,6.98,"Apr 29, 2020",2.72 (0.96%),"Nov 13, 2019",Exception
MYL,22.10,21.87,21.51 x 800,21.91 x 4000,Exception,16.63 - 32.23,"3,671,256","6,730,138",11.314B,1.73,243.56,0.09,"Feb 23, 2020",N/A (N/A),"Jun 26, 2007",Exception
NDAQ,115.34,115.25,116.00 x 900,121.93 x 900,Exception,82.22 - 116.12,"893,666","708,104",19.008B,0.66,36.75,3.15,"Apr 21, 2020",1.88 (1.63%),"Mar 11, 2020",Exception
NOV,20.72,20.34,20.89 x 1300,21.60 x 800,Exception,18.05 - 32.63,"2,610,854","2,973,693",8.11B,1.37,N/A,-14.96,"Feb 05, 2020",0.20 (0.97%),"Dec 04, 2019",Exception
NTAP,55.54,54.80,54.88 x 1400,58.92 x 1000,Exception,44.55 - 78.35,"2,319,526","2,172,608",12.518B,1.56,13.60,4.03,"Feb 11, 2020",1.92 (3.46%),"Jan 01, 2020",Exception
NFLX,343.16,341.10,347.75 x 1000,349.00 x 1200,Exception,252.28 - 385.99,"4,498,382","6,647,112",152.397B,1.29,84.20,4.13,"Apr 13, 2020",N/A (N/A),"<td class=""C($primaryColor) W(51%)"" data-reactid=""89",Exception
NWL,19.86,19.79,20.00 x 1800,20.01 x 1800,Exception,13.04 - 22.06,"2,154,589","3,490,887",8.468B,1.04,N/A,-1.11,"Feb 12, 2020",0.92 (4.63%),"Nov 25, 2019",Exception
NEM,44.62,44.90,44.54 x 3100,45.03 x 800,Exception,29.77 - 45.36,"6,142,416","6,566,348",36.868B,-0.02,13.33,3.37,"Feb 19, 2020",0.56 (1.26%),"Dec 03, 2019",Exception
NWSA,13.36,13.21,13.05 x 3200,13.66 x 900,Exception,11.22 - 15.07,"2,787,943","2,358,032",8.115B,1.49,N/A,-0.30,"Feb 05, 2020",0.20 (1.48%),"Sep 09, 2019",Exception
NWS,13.92,13.75,14.02 x 2200,14.03 x 800,Exception,11.38 - 15.36,"722,859","626,225",8.073B,1.49,N/A,-0.30,"<td class=""C($primaryColor) W(51%)"" data-reactid=""78",0.20 (1.44%),"Sep 09, 2019",Exception
NEE,265.76,265.87,269.89 x 900,269.56 x 1000,Exception,173.35 - 270.25,"1,530,518","1,900,395",131.935B,0.16,34.78,7.76,"Apr 20, 2020",5.00 (1.88%),"Nov 26, 2019",Exception
NLSN,20.54,20.31,20.76 x 800,20.77 x 3200,Exception,17.94 - 27.57,"3,232,191","3,884,879",7.404B,0.92,N/A,-3.54,"Feb 25, 2020",1.11 (5.40%),"Nov 19, 2019",Exception
NKE,99.84,99.02,98.20 x 1300,98.40 x 1200,Exception,77.07 - 105.62,"6,928,754","5,813,882",152.918B,0.84,34.33,2.86,"Mar 18, 2020",0.98 (0.98%),"Nov 28, 2019",Exception
NI,29.19,29.14,28.97 x 2200,28.98 x 4000,Exception,25.92 - 30.67,"3,180,126","3,677,600",10.87B,0.09,23.56,1.24,"Feb 17, 2020",0.80 (2.74%),"Oct 29, 2019",Exception
NBL,20.60,20.32,19.95 x 800,22.45 x 3000,Exception,19.01 - 28.40,"6,572,297","5,130,588",9.709B,1.48,N/A,-2.37,"Feb 11, 2020",0.48 (2.33%),"Feb 06, 2020",Exception
JWN,38.52,37.89,38.20 x 800,38.87 x 900,Exception,25.01 - 48.87,"2,003,735","3,192,775",6.004B,0.69,11.12,3.48,"Feb 25, 2020",1.48 (3.84%),"Nov 26, 2019",Exception
NSC,214.83,212.19,214.50 x 800,218.24 x 800,Exception,166.33 - 219.88,"1,876,941","1,504,295",55.93B,1.36,20.93,10.25,"Apr 21, 2020",3.76 (1.75%),"Feb 05, 2020",Exception
NTRS,99.64,99.01,101.06 x 800,102.40 x 800,Exception,83.95 - 110.48,"675,913","1,076,351",21.191B,1.22,15.24,6.63,"Oct 14, 2019",2.80 (2.81%),"Mar 11, 2020",Exception
NOC,382.65,373.10,384.00 x 1100,383.98 x 900,Exception,263.29 - 385.01,"1,325,400","942,869",64.863B,0.76,21.84,17.62,"Apr 21, 2020",5.28 (1.38%),"Nov 28, 2019",Exception
NLOK,27.68,27.50,28.35 x 1000,28.45 x 21500,Exception,17.50 - 28.70,"6,042,568","8,111,011",17.479B,1.12,N/A,N/A,"Feb 05, 2020",0.50 (1.81%),"Feb 02, 2020",Exception
NCLH,56.02,53.13,54.22 x 2200,54.64 x 800,Exception,45.64 - 59.78,"3,279,024","1,587,330",11.659B,1.69,12.41,4.41,"Feb 18, 2020",N/A (N/A),"<td class=""C($primaryColor) W(51%)"" data-reactid=""89",Exception
NRG,37.16,37.20,36.01 x 1300,39.54 x 1000,Exception,32.63 - 43.66,"2,285,822","2,714,351",9.349B,0.74,9.77,3.81,"Feb 26, 2020",1.20 (3.23%),"Jan 30, 2020",Exception
NUE,48.06,47.95,47.00 x 1100,49.59 x 800,Exception,46.10 - 62.31,"2,757,271","1,892,669",14.747B,1.65,11.80,4.14,"Apr 20, 2020",1.61 (3.35%),"Dec 29, 2019",Exception
NVDA,245.54,241.61,246.90 x 900,247.29 x 800,Exception,132.60 - 259.50,"7,128,206","7,961,900",150.436B,2.04,62.95,3.90,"Feb 11, 2020",0.64 (0.26%),"Nov 26, 2019",Exception
NVR,"3,898.56","3,916.54","3,945.01 x 900","3,982.55 x 2200",Exception,"2,513.82 - 4,058.00","26,397","30,725",14.657B,0.58,18.42,215.31,"Apr 19, 2020",N/A (N/A),"<td class=""C($primaryColor) W(51%)"" data-reactid=""89",Exception
ORLY,424.13,420.70,419.75 x 1300,419.87 x 900,Exception,340.00 - 454.31,"596,449","456,727",31.768B,0.68,24.21,17.34,"Feb 04, 2020",N/A (N/A),"<td class=""C($primaryColor) W(51%)"" data-reactid=""87",Exception
OXY,40.47,39.94,40.67 x 1300,40.58 x 800,Exception,37.25 - 68.83,"9,423,012","11,026,345",36.26B,0.90,29.71,1.37,"Feb 26, 2020",3.16 (7.81%),"Dec 08, 2019",Exception
ODFL,202.92,200.64,195.55 x 900,203.91 x 800,Exception,130.87 - 210.18,"272,984","744,124",16.253B,1.48,26.10,7.80,"Feb 05, 2020",0.68 (0.34%),"Dec 02, 2019",Exception
OMC,76.21,75.68,74.43 x 900,79.69 x 1100,Exception,71.75 - 85.05,"2,229,008","1,483,561",16.545B,0.70,12.77,5.95,"Feb 09, 2020",2.60 (3.41%),"Dec 18, 2019",Exception
OKE,74.94,74.34,75.39 x 800,75.85 x 1400,Exception,63.13 - 77.26,"2,570,253","1,833,977",31.176B,1.13,24.99,3.02,"Feb 23, 2020",3.74 (4.99%),"Jan 23, 2020",Exception
ORCL,53.20,52.82,52.81 x 800,53.68 x 2900,Exception,49.82 - 60.50,"7,064,053","10,001,661",171B,1.12,16.90,3.15,"Mar 11, 2020",0.96 (1.80%),"Jan 07, 2020",Exception
PCAR,76.11,75.51,69.25 x 1400,76.09 x 800,Exception,62.13 - 83.41,"1,897,560","1,511,901",26.34B,1.31,11.07,6.87,"Apr 27, 2020",1.28 (1.68%),"Feb 09, 2020",Exception
PKG,104.94,98.15,95.80 x 1300,101.27 x 1000,Exception,87.85 - 114.78,"2,405,808","690,108",9.43B,N/A,13.57,7.34,"Apr 21, 2020",3.16 (3.01%),"Dec 18, 2019",Exception
PH,199.02,205.12,205.61 x 800,205.75 x 1100,Exception,152.18 - 212.05,"2,153,399","884,166",26.355B,1.57,18.16,11.29,"Apr 29, 2020",3.52 (1.77%),"Feb 05, 2020",Exception
PAYX,87.40,86.72,87.26 x 1400,88.27 x 1000,Exception,70.13 - 89.96,"1,320,223","1,388,438",31.524B,0.85,29.52,2.98,"Mar 24, 2020",2.48 (2.84%),"Jan 30, 2020",Exception
PAYC,322.05,320.80,318.01 x 800,350.00 x 1100,Exception,145.92 - 325.76,"585,505","760,914",19.016B,1.25,114.09,2.85,"Feb 04, 2020",N/A (N/A),"<td class=""C($primaryColor) W(51%)"" data-reactid=""87",Exception
PYPL,116.66,112.79,116.50 x 800,117.00 x 800,Exception,86.62 - 121.48,"13,154,049","6,692,001",137.521B,N/A,56.58,2.07,"Apr 21, 2020",N/A (N/A),"<td class=""C($primaryColor) W(51%)"" data-reactid=""89",Exception
PNR,43.72,43.30,39.00 x 800,50.00 x 800,Exception,34.50 - 47.43,"1,324,821","930,398",7.441B,1.16,21.23,2.09,"Apr 12, 2020",0.76 (1.74%),"Jan 22, 2020",Exception
PBCT,15.71,15.42,15.68 x 29200,15.96 x 800,Exception,13.81 - 18.03,"3,260,068","3,189,051",6.873B,1.24,12.36,1.27,"Jul 16, 2019",0.71 (4.52%),"Jan 29, 2020",Exception
PEP,141.73,142.32,142.12 x 1200,143.50 x 1100,Exception,110.21 - 144.15,"3,557,915","3,794,630",200.557B,0.53,16.36,8.79,"Feb 12, 2020",3.82 (2.70%),"Dec 04, 2019",Exception
PKI,98.50,97.34,89.00 x 800,105.95 x 800,Exception,78.35 - 103.00,"946,267","609,116",10.602B,1.30,46.83,2.04,"Apr 22, 2020",0.28 (0.28%),"Apr 15, 2020",Exception
PRGO,58.64,57.83,52.51 x 800,67.01 x 800,Exception,40.68 - 60.48,"617,898","1,138,341",7.877B,1.47,32.03,1.81,"Feb 24, 2020",0.84 (1.43%),"Nov 26, 2019",Exception
PFE,37.58,37.10,36.82 x 3100,37.13 x 4000,Exception,33.97 - 44.56,"29,284,676","20,591,070",205.15B,0.65,12.91,2.87,"Apr 27, 2020",1.52 (4.04%),"Jan 29, 2020",Exception
PM,83.96,83.21,83.61 x 800,85.70 x 1000,Exception,69.27 - 92.74,"5,329,867","4,571,164",131.207B,1.03,17.58,4.80,"Feb 05, 2020",4.68 (5.57%),"Dec 17, 2019",Exception
PSX,95.80,95.23,96.26 x 900,97.25 x 900,Exception,80.24 - 119.92,"2,587,208","2,341,632",42.841B,1.10,9.64,10.00,"Jan 30, 2020",3.60 (3.76%),"Nov 14, 2019",Exception
PNW,98.05,97.71,98.62 x 900,99.00 x 1000,Exception,84.26 - 99.81,"674,489","980,932",11.104B,0.03,22.24,4.44,"Feb 20, 2020",3.13 (3.19%),"Jan 30, 2020",Exception
PXD,138.92,136.90,136.77 x 1000,140.50 x 1000,Exception,114.79 - 178.22,"1,628,823","1,526,604",22.781B,1.28,31.75,4.33,"Feb 18, 2020",1.76 (1.27%),"Dec 29, 2019",Exception
PNC,148.59,147.13,150.75 x 900,151.35 x 1000,Exception,118.70 - 161.79,"2,196,892","1,848,554",65.366B,1.14,13.27,11.38,"Apr 14, 2020",4.60 (3.10%),"Jan 15, 2020",Exception
PPG,123.42,122.18,122.81 x 1200,122.85 x 800,Exception,103.36 - 134.36,"1,229,541","1,332,804",29.111B,1.24,23.58,5.22,"Apr 15, 2020",2.04 (1.65%),"Feb 19, 2020",Exception
PPL,36.74,36.68,36.47 x 1100,36.65 x 2900,Exception,28.55 - 36.83,"5,128,219","4,739,853",26.369B,0.57,14.81,2.46,"Feb 13, 2020",1.65 (4.49%),"Dec 08, 2019",Exception
PFG,54.48,53.90,54.48 x 800,57.00 x 800,Exception,46.56 - 60.81,"1,142,015","1,042,375",15.055B,1.52,11.54,4.72,"Apr 26, 2020",2.24 (4.11%),"Feb 27, 2020",Exception
PG,125.06,124.79,125.40 x 800,126.53 x 1000,Exception,94.08 - 127.00,"5,646,045","6,706,375",311.027B,0.38,70.60,1.78,"Apr 20, 2020",2.98 (2.39%),"Jan 22, 2020",Exception
PGR,80.81,79.74,81.75 x 800,81.73 x 800,Exception,64.70 - 84.96,"3,953,912","3,429,422",47.805B,0.62,15.31,5.34,"Feb 18, 2020",0.40 (0.49%),"Jan 06, 2020",Exception
PLD,96.50,96.08,96.25 x 800,96.26 x 800,Exception,67.59 - 96.96,"3,338,351","2,765,856",60.783B,1.00,39.05,2.46,"Apr 13, 2020",2.12 (2.20%),"Dec 17, 2019",Exception
PRU,91.91,90.99,90.61 x 900,92.72 x 800,Exception,77.65 - 106.40,"1,402,299","2,053,903",37.085B,1.59,9.98,9.33,"Feb 03, 2020",4.00 (4.35%),"Nov 24, 2019",Exception
PEG,60.10,60.21,51.43 x 800,61.26 x 1200,Exception,52.93 - 63.88,"3,045,625","2,589,287",30.344B,0.26,20.98,2.86,"Feb 25, 2020",1.88 (3.13%),"Dec 08, 2019",Exception
PSA,222.08,221.64,214.25 x 800,228.72 x 800,Exception,199.53 - 266.76,"598,766","993,624",39.146B,0.05,26.49,8.46,"Feb 23, 2020",8.00 (3.60%),"Dec 11, 2019",Exception
PHM,46.01,46.00,45.80 x 800,46.50 x 2200,Exception,25.24 - 47.30,"3,268,805","3,291,656",12.379B,0.60,12.48,3.66,"Apr 20, 2020",0.48 (1.04%),"Dec 16, 2019",Exception
PVH,89.91,88.84,91.36 x 800,103.20 x 800,Exception,67.41 - 134.24,"710,552","861,150",6.668B,1.52,10.70,8.54,"Mar 24, 2020",0.15 (0.17%),"Aug 28, 2019",Exception
QRVO,112.57,121.61,112.06 x 1100,111.88 x 900,Exception,58.52 - 122.37,"5,719,402","1,864,056",12.987B,N/A,39.10,2.86,"Jan 28, 2020",N/A (N/A),"<td class=""C($primaryColor) W(51%)"" data-reactid=""87",Exception
PWR,40.17,39.75,39.89 x 800,39.90 x 1100,Exception,32.11 - 44.09,"922,460","1,252,925",5.685B,1.22,17.35,2.30,"Feb 18, 2020",0.20 (0.50%),"Dec 30, 2019",Exception
QCOM,88.23,87.31,87.83 x 900,88.00 x 800,Exception,49.10 - 96.17,"8,024,772","9,634,790",100.274B,1.64,24.45,3.59,"Feb 04, 2020",2.48 (2.85%),"Mar 03, 2020",Exception
DGX,110.67,112.73,97.47 x 900,111.99 x 900,Exception,82.59 - 112.89,"1,403,565","779,845",15.086B,0.84,21.02,5.33,"Apr 20, 2020",2.12 (1.92%),"Jan 12, 2020",Exception
RL,113.19,111.98,107.31 x 1400,141.22 x 1100,Exception,82.69 - 133.63,"783,036","991,180",8.674B,0.94,20.58,5.65,"Feb 03, 2020",2.75 (2.43%),"Dec 25, 2019",Exception
RJF,90.44,89.58,92.51 x 2200,99.90 x 800,Exception,72.94 - 97.66,"679,602","751,201",12.895B,1.51,12.59,7.37,"Apr 28, 2020",1.48 (1.64%),"Dec 30, 2019",Exception
RTN,227.32,225.00,225.89 x 1100,226.01 x 900,Exception,164.70 - 233.48,"2,969,219","1,369,687",62.964B,0.88,19.35,11.69,"Apr 22, 2020",3.77 (1.66%),"Jan 06, 2020",Exception
O,78.14,78.03,77.73 x 800,78.79 x 1000,Exception,66.21 - 82.17,"2,615,055","1,931,253",25.741B,0.00,62.09,1.27,"Feb 18, 2020",2.79 (3.57%),"Jan 30, 2020",Exception
REG,62.97,62.79,62.40 x 800,72.00 x 900,Exception,60.35 - 70.26,"643,939","873,600",10.454B,0.43,37.79,1.65,"Feb 11, 2020",2.34 (3.72%),"Nov 07, 2019",Exception
REGN,339.25,335.68,336.13 x 800,336.00 x 800,Exception,271.37 - 442.00,"642,031","799,267",36.911B,1.19,17.99,18.69,"Feb 05, 2020",N/A (N/A),"<td class=""C($primaryColor) W(51%)"" data-reactid=""87",Exception
RF,15.40,15.23,15.38 x 800,15.55 x 21500,Exception,13.38 - 17.54,"12,309,975","8,614,524",14.939B,1.57,10.41,1.50,"Apr 16, 2020",0.62 (4.03%),"Dec 04, 2019",Exception
RSG,94.47,94.30,95.64 x 1100,100.00 x 900,Exception,75.03 - 95.85,"1,118,139","1,022,420",30.552B,0.49,28.47,3.36,"Feb 12, 2020",1.62 (1.71%),"Dec 30, 2019",Exception
RMD,165.84,164.31,160.00 x 800,290.00 x 900,Exception,92.73 - 167.05,"551,186","483,008",23.788B,0.42,57.05,2.90,"Jan 29, 2020",1.56 (0.94%),"Nov 05, 2019",Exception
RHI,61.05,60.69,45.69 x 900,60.25 x 900,Exception,51.90 - 69.08,"1,325,111","950,095",7.039B,1.35,15.66,3.87,"Jan 29, 2020",1.24 (2.03%),"Nov 21, 2019",Exception
ROK,196.17,194.39,138.98 x 800,209.00 x 800,Exception,143.91 - 207.94,"1,142,354","846,966",22.533B,1.44,33.42,5.83,"Apr 22, 2020",4.08 (2.08%),"Nov 07, 2019",Exception
ROL,37.80,37.76,38.10 x 1200,38.09 x 800,Exception,31.36 - 43.91,"1,765,351","1,448,112",12.515B,0.28,61.45,0.62,"Apr 21, 2020",0.42 (1.16%),"Nov 06, 2019",Exception
ROP,378.46,383.46,360.00 x 900,389.71 x 800,Exception,282.74 - 393.00,"804,269","486,762",40.518B,1.11,35.36,11.01,"Apr 22, 2020",2.05 (0.54%),"Jan 07, 2020",Exception
ROST,114.27,113.48,114.13 x 900,114.14 x 800,Exception,88.31 - 122.62,"1,575,876","1,759,095",40.977B,0.81,25.24,4.52,"Mar 02, 2020",1.02 (0.89%),"Dec 04, 2019",Exception
RCL,121.64,115.50,119.01 x 1400,125.00 x 1300,Exception,100.00 - 135.32,"4,065,925","1,694,914",25.093B,1.45,13.08,9.15,"Feb 03, 2020",3.12 (2.56%),"Dec 18, 2019",Exception
SPGI,297.31,296.64,280.03 x 900,304.67 x 1000,Exception,187.31 - 300.71,"902,348","1,104,645",73.286B,1.05,35.57,8.43,"Feb 05, 2020",2.28 (0.77%),"Feb 24, 2020",Exception
CRM,181.77,180.90,185.50 x 1100,185.54 x 1100,Exception,137.87 - 186.44,"3,603,565","4,966,041",164.689B,1.22,207.22,0.90,"Mar 01, 2020",N/A (N/A),"<td class=""C($primaryColor) W(51%)"" data-reactid=""89",Exception
SBAC,249.34,247.81,253.84 x 1100,400.00 x 800,Exception,177.47 - 270.42,"484,431","585,319",28.571B,0.60,216.32,1.17,"Oct 27, 2019",1.48 (0.59%),"Nov 19, 2019",Exception
SLB,33.73,33.14,33.90 x 1000,34.15 x 1200,Exception,30.65 - 48.88,"10,373,751","10,807,000",47.129B,1.61,N/A,-7.32,"Apr 15, 2020",2.00 (5.59%),"Feb 10, 2020",Exception
STX,59.01,58.45,58.80 x 900,59.15 x 1000,Exception,41.63 - 64.17,"2,748,746","2,220,182",15.337B,1.62,9.26,6.30,"Feb 03, 2020",2.60 (4.41%),"Dec 23, 2019",Exception
SEE,36.92,36.58,36.70 x 3200,38.95 x 800,Exception,35.96 - 47.13,"686,527","1,104,733",5.666B,1.03,15.90,2.31,"Feb 10, 2020",0.64 (1.73%),"Dec 04, 2019",Exception
SRE,158.68,158.77,161.12 x 800,161.15 x 800,Exception,113.23 - 161.38,"871,006","1,431,185",45.422B,0.43,18.30,8.81,"Feb 23, 2020",3.87 (2.44%),"Dec 26, 2019",Exception
NOW,312.93,333.73,339.06 x 800,342.00 x 4000,Exception,209.99 - 343.89,"4,919,840","2,502,574",64.43B,N/A,107.43,3.18,"Apr 21, 2020",N/A (N/A),"<td class=""C($primaryColor) W(51%)"" data-reactid=""89",Exception
SHW,590.26,562.40,566.58 x 1000,566.96 x 1800,Exception,397.00 - 599.95,"1,062,735","464,035",52.515B,1.25,38.29,14.86,"Apr 20, 2020",4.52 (0.77%),"Nov 13, 2019",Exception
SPG,140.03,139.03,136.00 x 900,136.51 x 1400,Exception,136.10 - 186.44,"2,595,868","1,610,698",41.872B,0.52,18.31,7.45,"Feb 03, 2020",8.40 (6.00%),"Nov 13, 2019",Exception
SWKS,117.89,116.57,115.50 x 800,116.80 x 800,Exception,66.29 - 128.48,"2,894,501","2,356,724",19.777B,1.12,24.33,4.78,"Apr 29, 2020",1.76 (1.49%),"Feb 09, 2020",Exception
SLG,93.02,92.61,92.82 x 1000,92.65 x 1000,Exception,75.46 - 96.39,"670,853","780,974",7.352B,1.10,29.70,3.13,"Apr 14, 2020",3.54 (3.81%),"Dec 30, 2019",Exception
SNA,164.93,163.42,163.09 x 1000,167.00 x 900,Exception,143.12 - 174.00,"323,581","362,124",8.959B,1.23,13.14,12.43,"Feb 05, 2020",4.32 (2.62%),"Nov 18, 2019",Exception
SO,70.10,70.06,70.70 x 800,70.97 x 1800,Exception,47.56 - 70.90,"3,602,035","4,614,224",74.303B,0.16,16.23,4.36,"Feb 19, 2020",2.48 (3.54%),"Feb 13, 2020",Exception
LUV,56.89,55.31,55.51 x 1400,55.79 x 1800,Exception,47.40 - 58.77,"5,085,663","3,531,338",28.974B,1.41,13.07,4.27,"Apr 22, 2020",0.72 (1.27%),"Dec 09, 2019",Exception
SWK,162.75,161.99,164.75 x 800,173.99 x 800,Exception,123.04 - 173.67,"1,284,173","1,119,703",25.106B,1.41,38.24,4.32,"Apr 21, 2020",2.76 (1.70%),"Nov 26, 2019",Exception
SBUX,86.72,85.45,85.70 x 1300,85.99 x 1200,Exception,67.08 - 99.72,"12,083,577","7,105,158",100.776B,0.51,29.40,2.92,"Apr 27, 2020",1.64 (1.85%),"Nov 11, 2019",Exception
STT,76.23,75.51,77.52 x 1100,79.99 x 1400,Exception,48.62 - 85.89,"2,686,176","2,702,388",27.737B,1.58,13.50,5.75,"Apr 20, 2020",2.08 (2.73%),"Dec 30, 2019",Exception
STE,151.52,150.50,152.79 x 800,152.88 x 800,Exception,112.61 - 156.66,"523,560","719,382",12.998B,0.88,39.01,3.93,"Feb 09, 2020",1.48 (0.98%),"Nov 24, 2019",Exception
SYK,210.68,210.00,210.00 x 800,214.12 x 800,Exception,174.84 - 223.45,"1,913,331","1,585,464",80.051B,0.76,39.02,5.48,"Apr 20, 2020",2.30 (1.09%),"Dec 29, 2019",Exception
SIVB,246.02,242.40,200.00 x 900,248.40 x 1800,Exception,183.04 - 270.40,"518,702","427,427",12.818B,2.21,11.42,21.73,"Jan 22, 2020",N/A (N/A),"Feb 09, 1992",Exception
SYF,32.64,32.33,32.92 x 800,33.22 x 2900,Exception,29.19 - 38.18,"6,164,591","4,905,990",20.399B,1.14,5.96,5.56,"Apr 15, 2020",0.88 (2.70%),"Feb 05, 2020",Exception
SNPS,150.44,149.66,150.35 x 800,150.82 x 800,Exception,92.17 - 156.97,"1,318,030","982,508",22.704B,1.17,43.72,3.45,"Feb 17, 2020",N/A (N/A),"<td class=""C($primaryColor) W(51%)"" data-reactid=""89",Exception
SYY,81.89,81.69,81.21 x 1000,84.64 x 900,Exception,62.46 - 85.98,"1,936,496","2,123,901",42.267B,0.47,25.41,3.26,"Feb 02, 2020",1.80 (2.20%),"Jan 01, 2020",Exception
TMUS,80.26,79.59,80.51 x 1800,81.23 x 1100,Exception,65.56 - 85.22,"2,236,981","2,730,637",69.25B,0.37,20.80,3.89,"Feb 04, 2020",N/A (N/A),"Apr 30, 2013",Exception
TROW,136.12,132.40,136.57 x 800,151.00 x 3200,Exception,89.50 - 137.49,"1,466,058","882,748",31.913B,1.06,17.35,7.87,"Apr 21, 2020",3.04 (2.23%),"Dec 12, 2019",Exception
TTWO,125.91,124.98,125.85 x 800,128.99 x 900,Exception,84.41 - 135.70,"988,987","1,230,409",14.444B,0.68,40.99,3.11,"Feb 05, 2020",N/A (N/A),"<td class=""C($primaryColor) W(51%)"" data-reactid=""87",Exception
TPR,26.76,26.40,26.66 x 800,26.71 x 800,Exception,18.54 - 39.63,"4,499,017","3,920,082",7.351B,1.03,14.27,1.87,"Feb 05, 2020",1.35 (5.04%),"Dec 04, 2019",Exception
TGT,114.27,113.77,114.67 x 900,114.76 x 1200,Exception,69.07 - 130.24,"4,356,150","5,452,696",58.108B,0.56,18.34,6.25,"Mar 02, 2020",2.64 (2.31%),"Feb 17, 2020",Exception
TEL,98.07,97.17,84.54 x 800,102.50 x 1200,Exception,79.53 - 101.00,"2,732,714","1,461,332",32.036B,1.14,17.68,5.42,"Apr 21, 2020",1.84 (1.88%),"Nov 20, 2019",Exception
FTI,16.64,16.12,16.47 x 800,17.00 x 3000,Exception,15.74 - 28.57,"7,798,319","3,481,422",7.538B,1.76,N/A,-5.04,"Feb 25, 2020",0.52 (3.10%),"Nov 17, 2019",Exception
TFX,379.38,376.98,328.50 x 1100,380.16 x 800,Exception,268.05 - 389.27,"162,906","227,272",17.616B,0.94,40.28,9.45,"Feb 18, 2020",1.36 (0.36%),"Nov 13, 2019",Exception
TXN,125.49,123.22,123.66 x 800,124.32 x 800,Exception,100.17 - 135.70,"4,401,925","4,574,016",115.963B,1.20,23.76,5.24,"Apr 20, 2020",3.60 (2.87%),"Jan 29, 2020",Exception
TXT,47.10,46.52,44.02 x 1000,48.10 x 800,Exception,42.30 - 58.00,"2,173,370","1,630,622",10.712B,1.68,12.81,3.66,"Apr 14, 2020",0.08 (0.17%),"Dec 11, 2019",Exception
TMO,333.89,322.00,317.40 x 900,335.18 x 900,Exception,240.59 - 342.26,"3,593,014","1,152,977",128.261B,1.12,35.98,8.89,"Apr 21, 2020",0.76 (0.23%),"Dec 15, 2019",Exception
TIF,134.09,134.05,119.11 x 1000,134.20 x 1000,Exception,78.60 - 134.39,"2,361,504","2,879,301",16.241B,1.65,29.92,4.48,"Mar 19, 2020",2.32 (1.73%),"Dec 18, 2019",Exception
TJX,61.09,60.68,59.61 x 1200,60.28 x 1400,Exception,48.19 - 63.03,"5,298,490","4,763,296",72.792B,0.68,23.80,2.54,"Feb 25, 2020",0.92 (1.51%),"Feb 11, 2020",Exception
TSCO,95.02,88.80,92.70 x 800,96.04 x 1300,Exception,82.62 - 114.25,"4,582,639","1,244,241",11.108B,1.00,20.58,4.56,"Apr 22, 2020",1.40 (1.50%),"Nov 21, 2019",Exception
TDG,654.18,647.06,616.35 x 800,730.00 x 800,Exception,383.90 - 667.29,"235,028","302,827",35.014B,1.00,47.24,13.84,"Feb 03, 2020",N/A (N/A),"Dec 26, 2019",Exception
TRV,133.27,132.60,134.16 x 1400,133.78 x 800,Exception,124.36 - 155.09,"1,343,704","1,322,737",34.288B,0.90,13.53,9.92,"Apr 15, 2020",3.28 (2.46%),"Mar 08, 2020",Exception
TFC,53.86,52.85,49.00 x 800,52.14 x 3200,Exception,44.51 - 56.92,"13,179,289","5,581,377",69.924B,1.18,N/A,N/A,"Apr 15, 2020",1.80 (3.34%),"Feb 12, 2020",Exception
TWTR,33.63,32.86,33.40 x 800,33.40 x 2900,Exception,28.63 - 45.86,"11,743,521","14,208,977",25.791B,0.57,16.19,2.05,"Feb 05, 2020",N/A (N/A),"<td class=""C($primaryColor) W(51%)"" data-reactid=""87",Exception
TSN,84.41,84.08,84.21 x 800,85.24 x 1300,Exception,58.20 - 94.24,"2,235,197","2,521,641",30.966B,0.43,15.35,5.52,"Feb 05, 2020",1.68 (1.99%),"Feb 26, 2020",Exception
UDR,47.88,47.82,47.60 x 1400,48.14 x 1000,Exception,42.66 - 50.61,"879,619","1,493,225",14.119B,0.35,81.39,0.59,"Feb 10, 2020",1.37 (2.86%),"Jan 08, 2020",Exception
ULTA,273.98,270.55,274.75 x 1000,274.49 x 1200,Exception,222.00 - 368.83,"615,660","1,289,203",15.69B,1.13,23.09,11.89,"Mar 11, 2020",N/A (N/A),"Mar 15, 2012",Exception
USB,53.60,53.19,53.01 x 800,55.16 x 1800,Exception,47.57 - 61.11,"5,945,831","6,012,077",84.731B,1.11,13.04,4.16,"Apr 14, 2020",1.68 (3.13%),"Dec 29, 2019",Exception
UAA,21.00,20.91,20.73 x 3200,21.29 x 1000,Exception,16.74 - 27.72,"3,253,139","5,268,845",8.892B,0.57,84.11,0.25,"Feb 10, 2020",N/A (N/A),"<td class=""C($primaryColor) W(51%)"" data-reactid=""87",Exception
UA,18.68,18.60,18.25 x 900,18.99 x 800,Exception,15.06 - 24.55,"1,157,134","2,568,853",8.889B,0.57,74.80,0.25,"Apr 24, 2018",N/A (N/A),"<td class=""C($primaryColor) W(51%)"" data-reactid=""89",Exception
UNP,181.78,179.67,183.10 x 1300,184.00 x 1200,Exception,149.09 - 188.96,"2,729,377","2,775,488",127.087B,1.08,21.85,8.38,"Apr 15, 2020",3.88 (2.13%),"Nov 26, 2019",Exception
UAL,75.21,74.66,77.01 x 1800,77.70 x 1800,Exception,74.47 - 96.03,"5,732,598","2,721,461",19.674B,1.12,6.72,11.58,"Apr 13, 2020",N/A (N/A),"Jan 06, 2008",Exception
UNH,282.90,281.84,280.93 x 800,280.08 x 1200,Exception,208.07 - 302.54,"3,981,286","3,464,645",266.205B,0.64,19.61,14.33,"Apr 13, 2020",4.32 (1.53%),"Dec 05, 2019",Exception
UPS,115.76,112.26,108.30 x 1200,108.23 x 1200,Exception,92.65 - 125.31,"9,293,785","2,670,959",92.645B,1.21,18.79,5.75,"Apr 22, 2020",3.84 (3.32%),"Nov 14, 2019",Exception
URI,152.26,150.05,140.50 x 900,141.99 x 1200,Exception,101.90 - 170.04,"2,590,144","1,086,277",10.641B,N/A,9.37,15.11,"Apr 28, 2020",N/A (N/A),"<td class=""C($primaryColor) W(51%)"" data-reactid=""87",Exception
UTX,152.82,151.44,154.50 x 1000,154.95 x 3000,Exception,117.63 - 155.53,"4,243,251","2,869,820",132.943B,1.22,24.02,6.41,"Apr 20, 2020",2.94 (1.92%),"Nov 13, 2019",Exception
UHS,143.90,143.29,140.91 x 1200,140.97 x 800,Exception,117.77 - 157.79,"549,105","536,382",12.343B,1.06,17.52,8.04,"Feb 24, 2020",0.80 (0.56%),"Dec 03, 2019",Exception
UNM,27.54,27.00,27.36 x 800,27.37 x 1400,Exception,24.71 - 38.29,"2,091,934","1,877,591",5.664B,1.58,5.54,4.95,"Feb 03, 2020",1.14 (4.14%),"Jan 29, 2020",Exception
VFC,84.06,83.96,84.54 x 800,85.82 x 800,Exception,76.77 - 100.25,"3,675,759","2,352,180",33.771B,0.97,26.23,3.22,"Jan 22, 2020",1.92 (2.28%),"Mar 08, 2020",Exception
VLO,86.46,85.94,87.80 x 900,89.55 x 1000,Exception,69.44 - 101.99,"4,240,613","3,005,062",36.215B,1.46,15.91,5.54,"Apr 22, 2020",3.92 (4.53%),"Feb 10, 2020",Exception
VAR,147.34,141.19,106.93 x 1300,143.00 x 800,Exception,103.92 - 150.06,"1,485,389","626,443",12.992B,N/A,47.34,3.02,"Apr 21, 2020",N/A (N/A),"Dec 01, 1998",Exception
VTR,57.63,57.52,57.95 x 800,57.93 x 1800,Exception,54.59 - 75.40,"1,903,960","2,286,280",21.596B,0.27,43.76,1.32,"Feb 19, 2020",3.17 (5.50%),"Dec 30, 2019",Exception
VRSN,212.13,209.99,195.11 x 29200,214.22 x 1000,Exception,167.46 - 221.78,"330,961","581,572",25.048B,1.00,39.53,5.40,"Feb 05, 2020",N/A (N/A),"May 04, 2011",Exception
VRSK,164.18,163.25,164.71 x 1300,165.45 x 1000,Exception,116.23 - 165.95,"468,864","841,950",26.991B,0.68,59.01,2.79,"Feb 17, 2020",1.00 (0.61%),"Dec 11, 2019",Exception
VZ,59.53,58.70,59.40 x 1300,59.48 x 3100,Exception,53.02 - 62.22,"16,349,697","11,615,429",245.5B,0.49,15.26,3.89,"Apr 20, 2020",2.46 (4.13%),"Jan 08, 2020",Exception
VRTX,232.41,230.84,241.00 x 1800,243.11 x 800,Exception,163.68 - 237.47,"1,052,107","1,297,183",59.224B,1.47,27.95,8.24,"Jan 29, 2020",N/A (N/A),"<td class=""C($primaryColor) W(51%)"" data-reactid=""87",Exception
VIAC,34.69,34.29,34.30 x 1000,34.75 x 4000,Exception,33.49 - 53.71,"11,996,211","6,765,556",21.263B,1.23,N/A,N/A,"Nov 13, 2019",0.96 (2.77%),"Dec 26, 2019",Exception
V,204.86,204.00,201.30 x 800,201.00 x 1400,Exception,133.30 - 210.13,"7,797,077","7,510,004",462.718B,0.93,39.16,5.32,"Jan 29, 2020",1.20 (0.59%),"Nov 13, 2019",Exception
VNO,66.51,66.27,66.29 x 800,75.32 x 900,Exception,58.60 - 70.54,"838,208","1,062,374",12.669B,0.99,4.22,15.73,"Feb 17, 2020",2.64 (3.97%),"Jan 23, 2020",Exception
VMC,139.34,138.78,142.04 x 1100,142.09 x 800,Exception,98.93 - 152.49,"607,743","912,432",18.846B,0.87,31.62,4.50,"Feb 11, 2020",1.24 (0.89%),"Nov 17, 2019",Exception
WRB,72.75,72.40,74.43 x 800,74.44 x 1100,Exception,50.79 - 77.54,"733,947","1,331,719",13.679B,0.62,21.19,3.52,"Apr 20, 2020",0.44 (0.60%),"Nov 20, 2019",Exception
WAB,77.30,76.63,76.89 x 4000,76.93 x 800,Exception,61.00 - 81.75,"784,578","1,269,853",14.76B,1.45,52.60,1.46,"Feb 17, 2020",0.48 (0.61%),"Feb 05, 2020",Exception
WMT,115.89,115.61,116.82 x 800,117.02 x 1300,Exception,93.11 - 125.38,"4,202,061","5,459,200",330.758B,0.37,23.32,5.00,"Feb 17, 2020",2.12 (1.83%),"Dec 04, 2019",Exception
WBA,52.28,52.04,51.36 x 800,51.95 x 800,Exception,49.03 - 74.94,"3,685,951","6,020,403",46.021B,0.90,12.74,4.08,"Mar 30, 2020",1.83 (3.50%),"Nov 14, 2019",Exception
DIS,136.06,135.09,138.25 x 1100,138.60 x 1100,Exception,107.32 - 153.41,"11,124,801","10,577,108",248.783B,1.00,20.76,6.64,"Feb 02, 2020",1.76 (1.29%),"Dec 12, 2019",Exception
WM,121.47,121.05,121.35 x 800,122.98 x 800,Exception,94.48 - 122.84,"1,114,000","1,673,820",52.08B,0.60,30.00,4.09,"Feb 12, 2020",2.05 (1.69%),"Dec 04, 2019",Exception
WAT,234.01,231.78,185.25 x 800,239.06 x 1200,Exception,199.11 - 255.21,"717,660","432,811",14.743B,1.04,28.15,8.13,"Feb 03, 2020",N/A (N/A),"Nov 25, 1996",Exception
WEC,98.69,99.18,100.24 x 800,114.00 x 800,Exception,71.02 - 100.87,"1,768,390","1,441,372",31.736B,-0.00,29.16,3.45,"Apr 22, 2020",2.53 (2.56%),"Feb 12, 2020",Exception
WFC,47.27,47.17,47.75 x 900,47.95 x 4000,Exception,43.34 - 54.75,"14,262,667","19,370,685",198.081B,1.10,11.83,4.05,"Apr 13, 2020",2.04 (4.32%),"Feb 05, 2020",Exception
WELL,86.53,86.19,82.85 x 900,87.79 x 800,Exception,71.18 - 93.17,"2,779,152","2,046,282",34.655B,0.14,30.52,2.80,"Feb 11, 2020",3.48 (4.02%),"Nov 11, 2019",Exception
WDC,66.76,65.39,70.31 x 800,71.79 x 1800,Exception,35.61 - 72.00,"7,914,863","5,345,874",19.914B,1.88,N/A,-5.26,"Jan 29, 2020",2.00 (3.00%),"Jan 01, 2020",Exception
WU,27.51,27.30,27.54 x 2200,27.55 x 3000,Exception,17.43 - 28.00,"3,519,736","6,613,395",11.571B,0.81,10.64,2.60,"Feb 10, 2020",0.80 (2.91%),"Dec 15, 2019",Exception
WRK,40.61,40.40,40.20 x 800,40.30 x 900,Exception,31.94 - 44.39,"3,516,048","2,498,585",10.334B,1.68,12.02,3.33,"Apr 27, 2020",1.86 (4.58%),"Nov 17, 2019",Exception
WY,30.10,29.91,29.15 x 900,30.01 x 3200,Exception,22.35 - 31.58,"3,981,418","3,097,288",22.406B,1.62,N/A,-0.21,"Jan 30, 2020",1.36 (4.52%),"Dec 04, 2019",Exception
WHR,154.10,152.86,152.89 x 1100,153.99 x 800,Exception,114.00 - 163.64,"700,098","900,825",9.626B,1.74,8.28,18.45,"Apr 21, 2020",4.80 (3.11%),"Nov 13, 2019",Exception
WMB,21.16,21.10,20.75 x 2200,22.50 x 4000,Exception,20.74 - 29.55,"19,681,919","11,080,008",25.78B,1.55,170.16,0.12,"Feb 18, 2020",1.60 (7.02%),"Mar 11, 2020",Exception
WLTW,212.66,211.28,185.07 x 900,214.82 x 800,Exception,159.79 - 214.79,"621,664","572,669",27.611B,0.83,31.87,6.74,"Feb 05, 2020",2.60 (1.22%),"Dec 29, 2019",Exception
WYNN,123.85,122.46,123.51 x 800,126.27 x 1000,Exception,102.03 - 153.41,"3,583,040","2,128,809",13.593B,2.09,20.56,6.16,"Jan 29, 2020",4.00 (3.23%),"Nov 12, 2019",Exception
XEL,67.42,67.26,68.73 x 900,68.75 x 1400,Exception,50.60 - 68.86,"3,351,556","2,998,062",36.057B,0.10,27.47,2.50,"Apr 22, 2020",1.62 (2.40%),"Dec 23, 2019",Exception
XRX,36.73,36.29,36.73 x 800,38.00 x 1100,Exception,27.25 - 39.47,"1,708,915","2,348,727",7.995B,1.77,13.04,2.84,"Apr 21, 2020",1.00 (2.82%),"Dec 29, 2019",Exception
XLNX,88.06,87.03,87.38 x 2200,87.75 x 1100,Exception,84.75 - 141.60,"6,906,673","3,214,954",21.699B,1.22,25.57,3.41,"Apr 21, 2020",1.48 (1.68%),"Feb 09, 2020",Exception
XYL,83.17,82.16,69.76 x 800,83.52 x 1100,Exception,69.17 - 85.67,"892,085","997,816",15.065B,1.16,29.88,2.80,"Feb 05, 2020",0.96 (1.15%),"Oct 29, 2019",Exception
YUM,106.63,105.47,102.64 x 1100,108.00 x 900,Exception,88.52 - 119.72,"1,439,232","2,142,750",32.242B,0.34,29.46,3.62,"Feb 05, 2020",1.88 (1.76%),"Feb 12, 2020",Exception
ZBRA,250.17,247.70,246.33 x 900,300.00 x 1000,Exception,166.15 - 260.40,"241,592","625,501",13.282B,1.64,27.40,8.99,"Feb 12, 2020",N/A (N/A),"<td class=""C($primaryColor) W(51%)"" data-reactid=""87",Exception
ZBH,150.75,149.32,148.83 x 800,153.49 x 1000,Exception,107.76 - 152.43,"698,751","898,409",31.095B,1.16,N/A,-0.44,"Feb 03, 2020",0.96 (0.64%),"Dec 25, 2019",Exception
ZION,46.37,46.13,45.40 x 800,47.78 x 1800,Exception,39.11 - 52.48,"1,208,914","2,030,362",7.718B,1.58,11.24,4.16,"Oct 20, 2019",1.36 (2.93%),"Nov 12, 2019",Exception
ZTS,138.51,137.64,136.50 x 1000,140.01 x 1800,Exception,84.64 - 143.33,"1,645,989","2,129,732",65.744B,0.80,45.71,3.02,"Feb 12, 2020",0.80 (0.58%),"Jan 15, 2020",Exception
